dataset,machine_id,profile_id,n_rows,first_sample,last_sample,winding_min_c,winding_max_c,stator_core_min_c,stator_core_max_c,rotor_min_c,rotor_max_c,sample_rate_hz,duration_seconds
primary_52kw,source_52kw_pmsm,2,9679,0,9678,19.42879295349121,103.27767944335938,18.47333812713623,62.36201858520508,22.97041702270508,45.98556137084961,1.0,9679.0
primary_52kw,source_52kw_pmsm,3,9624,0,9623,19.179311752319336,39.08827209472656,18.381088256835938,28.89428424835205,22.751144409179688,29.01161193847656,1.0,9624.0
primary_52kw,source_52kw_pmsm,4,16712,0,16711,18.58688735961914,113.33421325683594,18.18561553955078,71.25518608093262,22.924949645996094,99.35748291015624,1.0,16712.0
primary_52kw,source_52kw_pmsm,5,7394,0,7393,19.0581111907959,43.39345932006836,18.194375038146973,32.70777416229248,25.88982391357422,39.93896484375,1.0,7394.0
primary_52kw,source_52kw_pmsm,6,20194,0,20193,19.033159255981445,121.01426696777344,18.22701644897461,86.26069259643555,24.35004234313965,93.51195526123048,1.0,20194.0
primary_52kw,source_52kw_pmsm,7,7326,0,7325,19.85062026977539,39.95605850219727,19.43422508239746,30.478225708007812,25.063453674316406,35.8453483581543,1.0,7326.0
primary_52kw,source_52kw_pmsm,8,9379,0,9378,19.85260772705078,45.99064254760742,19.498013496398926,35.41538906097412,24.012279510498047,44.264259338378906,1.0,9379.0
primary_52kw,source_52kw_pmsm,9,10168,0,10167,19.23666381835937,54.52218627929688,18.44303035736084,40.60248374938965,24.80129623413086,51.110816955566406,1.0,10168.0
primary_52kw,source_52kw_pmsm,10,7628,0,7627,18.99872398376465,93.6765594482422,18.30687141418457,57.496437072753906,22.929712295532227,72.08063507080078,1.0,7628.0
primary_52kw,source_52kw_pmsm,11,3944,0,3943,18.773706436157227,74.47181701660156,18.21051597595215,47.58128547668457,24.221370697021484,57.10593032836914,1.0,3944.0
primary_52kw,source_52kw_pmsm,12,10971,0,10970,19.45100975036621,50.05281829833984,18.806330680847168,38.18884468078613,24.082582473754883,47.82980728149414,1.0,10971.0
primary_52kw,source_52kw_pmsm,13,17953,0,17952,19.06415557861328,39.44977951049805,18.303178787231445,29.488319396972653,21.032411575317383,31.87829971313477,1.0,17953.0
primary_52kw,source_52kw_pmsm,14,9299,0,9298,19.200544357299805,67.32591247558594,18.455547332763672,46.48612403869629,23.16827774047852,59.16379165649414,1.0,9299.0
primary_52kw,source_52kw_pmsm,15,9062,0,9061,19.171783447265625,114.14234924316406,18.397347450256348,71.69619941711426,21.83636474609375,94.60661315917967,1.0,9062.0
primary_52kw,source_52kw_pmsm,16,10323,0,10322,19.230125427246094,59.164798736572266,18.593504905700684,40.59195327758789,23.827470779418945,46.98088836669922,1.0,10323.0
primary_52kw,source_52kw_pmsm,17,7982,0,7981,19.049341201782227,72.43031311035156,18.29352855682373,50.737783432006836,24.26473617553711,69.58853149414062,1.0,7982.0
primary_52kw,source_52kw_pmsm,18,18866,0,18865,19.33390045166016,64.09081268310547,18.562313079833984,41.6823673248291,23.19010734558105,38.55904006958008,1.0,18866.0
primary_52kw,source_52kw_pmsm,19,5205,0,5204,19.146303176879883,102.37501525878906,18.43650245666504,66.27303886413574,24.474061965942383,96.78407287597656,1.0,5205.0
primary_52kw,source_52kw_pmsm,20,21986,0,21985,19.200027465820312,125.37872314453124,18.45112895965576,94.72851181030273,23.536327362060547,105.94872283935548,1.0,21986.0
primary_52kw,source_52kw_pmsm,21,8661,0,8660,19.893829345703125,104.79117584228516,18.813483238220215,67.42241668701172,20.88642883300781,91.38682556152344,1.0,8661.0
primary_52kw,source_52kw_pmsm,23,5928,0,5927,19.85062026977539,124.49134826660156,19.79237174987793,78.17100524902344,22.643051147460938,96.72783660888672,1.0,5928.0
primary_52kw,source_52kw_pmsm,24,7508,0,7507,19.828502655029297,123.25227355957033,18.690085411071777,77.54974365234375,21.932239532470703,113.58968353271484,1.0,7508.0
primary_52kw,source_52kw_pmsm,26,8333,0,8332,19.850664138793945,124.39215850830078,19.527484893798828,75.59114456176758,23.89818000793457,95.45230102539062,1.0,8333.0
primary_52kw,source_52kw_pmsm,27,17681,0,17680,19.14334487915039,138.59947204589844,18.39114284515381,80.42289733886719,21.9257926940918,109.33384704589844,1.0,17681.0
primary_52kw,source_52kw_pmsm,29,10679,0,10678,19.85062026977539,141.31109619140625,19.229244232177734,81.79302978515625,22.5103759765625,98.10128021240234,1.0,10679.0
primary_52kw,source_52kw_pmsm,30,11932,0,11931,19.107437133789062,114.29571533203124,18.31839084625244,68.62707901000977,22.888792037963867,53.26097106933594,1.0,11932.0
primary_52kw,source_52kw_pmsm,31,7794,0,7793,19.23724937438965,112.8677978515625,18.596925735473633,71.62775993347168,24.035476684570312,101.98554229736328,1.0,7794.0
primary_52kw,source_52kw_pmsm,32,10480,0,10479,19.518310546875,131.43701171875,18.799379348754883,79.84506607055664,21.21375274658203,88.34420013427734,1.0,10480.0
primary_52kw,source_52kw_pmsm,36,11305,0,11304,19.502460479736328,133.82374572753906,18.78930950164795,73.62066268920898,21.36834526062012,47.36955261230469,1.0,11305.0
primary_52kw,source_52kw_pmsm,41,8350,0,8349,26.38476091742604,124.76884148627909,25.94895074036088,99.497556782862,26.44238405927623,94.29486191793532,1.0,8350.0
primary_52kw,source_52kw_pmsm,42,8460,0,8459,28.81495801581204,101.98815388129658,28.015797592372653,83.73172350391557,26.89893115307843,72.7651136543214,1.0,8460.0
primary_52kw,source_52kw_pmsm,43,4222,0,4221,20.99241841322811,122.10761913742836,19.84844667830579,78.5369505103917,28.134108212811903,69.14049020060897,1.0,4222.0
primary_52kw,source_52kw_pmsm,44,13171,0,13170,29.29374208752125,114.16502468238352,28.01964432958497,95.64713207683954,32.98564147337461,84.73175307428264,1.0,13171.0
primary_52kw,source_52kw_pmsm,45,8571,0,8570,30.413072135185104,114.80859820157116,29.471096388135535,97.51703556895626,26.299410668820336,89.65303692919542,1.0,8571.0
primary_52kw,source_52kw_pmsm,46,1090,0,1089,99.64183235249368,127.4543605588986,91.58151151058773,105.4002155347933,78.43603066641023,92.91460536629928,1.0,1090.0
primary_52kw,source_52kw_pmsm,47,1088,0,1087,57.45026075655821,93.80773591067904,54.352869136994,72.11528955307736,72.28066132989812,78.90034703292268,1.0,1088.0
primary_52kw,source_52kw_pmsm,48,10992,0,10991,49.79879563872773,127.78312832566957,49.12570608385104,88.49452077669231,55.74569275847912,89.17093967345724,1.0,10992.0
primary_52kw,source_52kw_pmsm,49,5408,0,5407,49.32147291733242,128.04690925692373,47.140721675736806,88.92880602161708,39.76953841548347,81.91990363337037,1.0,5408.0
primary_52kw,source_52kw_pmsm,50,5405,0,5404,43.56828085621464,121.16252024483391,36.35645474430036,76.46306028102143,34.667391985247,75.85317355311611,1.0,5405.0
primary_52kw,source_52kw_pmsm,51,3131,0,3130,45.98617532616149,122.78603842761576,45.8497359581918,97.03015731144669,31.792160621937462,84.59714894379134,1.0,3131.0
primary_52kw,source_52kw_pmsm,52,1863,0,1862,53.45192957122024,129.5054617641213,44.42944112908974,104.23270787054818,49.45625359695721,77.94703634798903,1.0,1863.0
primary_52kw,source_52kw_pmsm,53,16221,0,16220,24.53646518558092,114.57176681457288,22.270524444895187,90.21651539181362,50.2566826830307,87.94126464537183,1.0,16221.0
primary_52kw,source_52kw_pmsm,54,5404,0,5403,31.82031884308001,104.79117414962262,31.279912427669494,78.01374604068798,29.617761972038327,77.04464742515248,1.0,5404.0
primary_52kw,source_52kw_pmsm,55,5404,0,5403,33.713535748804745,117.78656072405558,32.84553115503077,99.1912787333498,27.4886248604068,80.19198944080384,1.0,5404.0
primary_52kw,source_52kw_pmsm,56,16562,0,16561,45.98617532616159,131.67508607665275,42.56863228076941,103.02824481467303,53.95522101909368,97.55267428945756,1.0,16562.0
primary_52kw,source_52kw_pmsm,57,7202,0,7201,24.58656265973424,131.58141339545645,23.265341467563868,100.75534979112501,26.280030362660384,88.63075111510535,1.0,7202.0
primary_52kw,source_52kw_pmsm,58,16691,0,16690,36.13101582805907,131.1544042640195,35.27431406535379,106.23835986936399,38.34377988903515,92.9798480596275,1.0,16691.0
primary_52kw,source_52kw_pmsm,59,3738,0,3737,53.18740362035095,132.72456887492532,46.128486872770296,103.46076935541973,45.36862682926371,92.43740884161018,1.0,3738.0
primary_52kw,source_52kw_pmsm,60,7272,0,7271,29.679904644973966,129.00123313799924,28.06015788008455,100.85319887437977,35.50593798807242,85.14626120330462,1.0,7272.0
primary_52kw,source_52kw_pmsm,61,7258,0,7257,43.4531678842104,129.63676204782269,40.7074782230668,104.03434295603644,60.94453173858751,92.6606535209568,1.0,7258.0
primary_52kw,source_52kw_pmsm,62,12800,0,12799,23.281589989724907,101.35489367435028,22.459299681851174,78.07428248814864,23.11764194516745,76.26787895485614,1.0,12800.0
primary_52kw,source_52kw_pmsm,63,8334,0,8333,27.913379211279803,104.79117418100304,26.39389325093141,88.77692496979179,27.507649738410123,71.6360629782701,1.0,8334.0
primary_52kw,source_52kw_pmsm,64,3125,0,3124,32.35201165021479,95.30914233609413,28.231339591668323,72.16761599475247,26.519189106601853,69.19909780494591,1.0,3125.0
primary_52kw,source_52kw_pmsm,65,20047,0,20046,25.27355672963468,129.21490935162694,24.339024875520792,100.76359033346989,25.670752344224184,93.0631816822482,1.0,20047.0
primary_52kw,source_52kw_pmsm,66,18238,0,18237,28.03378919076627,128.34171607554546,26.44360763992686,105.8709805545341,49.62104307470081,94.2019658765611,1.0,18238.0
primary_52kw,source_52kw_pmsm,67,5568,0,5567,26.35446807713367,89.45182995712689,25.6676985522775,57.1662208564731,26.050239460657902,65.74075754929605,1.0,5568.0
primary_52kw,source_52kw_pmsm,68,11666,0,11665,26.396720801397176,126.2780049105658,26.137972915597082,100.13452384159406,27.98362943428532,85.97965462046,1.0,11666.0
primary_52kw,source_52kw_pmsm,69,7675,0,7674,26.32473962218091,113.28228368959972,25.523350463119872,95.45743099382193,26.246485576596083,85.30380905872816,1.0,7675.0
primary_52kw,source_52kw_pmsm,70,12839,0,12838,25.664676888082084,120.5792019731501,24.552922207646006,96.38158836056338,33.939081662494075,76.42954032513936,1.0,12839.0
primary_52kw,source_52kw_pmsm,71,7328,0,7327,23.641185924072506,104.79117417947246,23.019548941107928,93.09613311664293,23.09840145285494,77.50244311223139,1.0,7328.0
primary_52kw,source_52kw_pmsm,72,7651,0,7650,30.479979080809542,104.79117369516116,28.302588052192355,91.5472858866806,36.81684398529013,77.88281727696962,1.0,7651.0
primary_52kw,source_52kw_pmsm,73,8393,0,8392,24.830691517094763,131.58371872594222,23.832794736570904,105.8163946953425,24.84446097855698,88.23638469040057,1.0,8393.0
primary_52kw,source_52kw_pmsm,74,11881,0,11880,45.92519180577776,129.27058668724715,41.84973976710668,104.08194793835723,62.8817953668417,91.92511591280216,1.0,11881.0
primary_52kw,source_52kw_pmsm,75,6736,0,6735,23.100624732557858,130.13459413036736,21.518852418995813,104.50666441776667,23.404144780195267,93.67320725908591,1.0,6736.0
primary_52kw,source_52kw_pmsm,76,11094,0,11093,28.03326348924048,117.88958120671091,26.385029107870295,99.94373277569592,31.51335090879941,82.52561565897352,1.0,11094.0
primary_52kw,source_52kw_pmsm,78,4223,0,4222,19.176823091681825,100.85003466395466,18.275230452760447,81.10364114636604,21.266710199894973,68.02935889084804,1.0,4223.0
primary_52kw,source_52kw_pmsm,79,15577,0,15576,23.63264699993464,128.22831722924835,21.32275794066411,104.23256324428661,25.552544325186965,97.04226061995294,1.0,15577.0
primary_52kw,source_52kw_pmsm,80,11912,0,11911,24.56035334763799,121.09523444704804,23.29809726163746,98.70582574894044,23.2714833300097,81.68940881127693,1.0,11912.0
primary_52kw,source_52kw_pmsm,81,8836,0,8835,23.601341528482347,104.65558187169904,22.34247678036339,86.25210256986921,24.0257229940682,76.63638986068867,1.0,8836.0
external_ipmsm,external_lptn_ipmsm,0,6125,0,6124,26.816506824999998,46.12775491,26.68124502,38.306166250000004,25.84261886,30.32890078,1.0,6125.0
external_ipmsm,external_lptn_ipmsm,1,1748,0,1747,26.1,41.2,26.0,34.4,22.8,27.025,1.0,1748.0
external_ipmsm,external_lptn_ipmsm,2,13236,0,13235,25.6,65.15,25.45,50.75,24.4,68.95,1.0,13236.0
external_ipmsm,external_lptn_ipmsm,3,7219,0,7218,25.25,53.15,25.4,43.25,21.675,62.525,1.0,7219.0
external_ipmsm,external_lptn_ipmsm,4,10875,0,10874,25.95,61.349999999999994,25.55,49.349999999999994,21.8,77.9,1.0,10875.0
external_ipmsm,external_lptn_ipmsm,5,11065,0,11064,24.3,60.05,24.6,48.4,22.425,73.625,1.0,11065.0
external_ipmsm,external_lptn_ipmsm,6,3779,0,3778,27.315923115,37.440289585,26.379268535,34.402534545,27.18784013,39.0805523,1.0,3779.0
external_ipmsm,external_lptn_ipmsm,7,4661,0,4660,27.096307655,46.178695175,27.197018319999998,36.70724868,24.62521547,30.64196177,1.0,4661.0
external_ipmsm,external_lptn_ipmsm,8,4387,0,4386,20.950000000000003,46.65,21.1,37.2,19.38553199,50.87461059,1.0,4387.0
external_ipmsm,external_lptn_ipmsm,9,3310,0,3309,20.65,65.4,20.65,47.55,21.9491319,64.65242282,1.0,3310.0
external_ipmsm,external_lptn_ipmsm,10,1536,0,1535,22.0,65.3,21.4,48.75,35.51940824,63.75541978,1.0,1536.0
external_ipmsm,external_lptn_ipmsm,11,6006,0,6005,19.85,50.05,19.9,38.8,20.02515005,49.31240721,1.0,6006.0
external_ipmsm,external_lptn_ipmsm,12,4859,0,4858,21.9,47.5,21.549999999999997,36.9,35.7841121,47.67186657,1.0,4859.0
external_ipmsm,external_lptn_ipmsm,13,6122,0,6121,20.65,47.4,20.799999999999997,36.7,20.5,45.69242804,1.0,6122.0
external_ipmsm,external_lptn_ipmsm,14,8229,0,8228,18.772834255,38.793935860000005,19.81915403,30.859238745,19.66117322,26.07739433,1.0,8229.0
external_ipmsm,external_lptn_ipmsm,15,4568,0,4567,20.0,47.9,20.3,37.25,18.81756247,48.94568771,1.0,4568.0
