dataset,role,profile_id,boundary_shift_persistence,initial_state_persistence,published_target_specific_lptn_estimates,source_positive_thermal_network_normalized,source_positive_thermal_network_raw,source_prior_prefix_calibrated_thermal_network,source_ridge_arx,source_thermal_network_plus_hist_gradient_residual,target_only_prefix_positive_thermal_network,support_distance,supported,normalized_source_minus_proposed_c,target_only_minus_proposed_c,persistence_minus_proposed_c
external_ipmsm,external_test,0,0.835246854219859,0.8362833136026002,0.6480925807505319,4.751231048037146,26.6314922493512,4.32174365575134,6.4251347411269135,13.821543031143252,3.7161414186369552,7.098863817979119,True,0.42948739228580557,-0.6056022371143848,-3.48546034214874
external_ipmsm,external_test,1,3.0004719999806384,2.9184189187968967,0.6715976510140335,11.89563193353698,9.825567247102478,1.5403819319501746,13.967145609060005,11.418344689020657,3.222934417468334,5.544150927532522,True,10.355250001586805,1.6825524855181595,1.3780369868467222
external_ipmsm,external_test,2,10.282632407263833,10.389951529178086,2.5016068355646373,51.00693076019443,31.509295438448948,4.675601117917662,31.279062503184576,36.90322237567191,7.309217288546015,5.675509445622146,True,46.33132964227677,2.633616170628353,5.714350411260424
external_ipmsm,external_test,3,6.972648812232765,7.627806113517887,4.950577212774908,8.245131832430983,34.0578092129286,3.738351430491802,6.778320754200887,22.168372139232616,3.813357337390536,14.581262926280456,False,4.5067804019391815,0.07500590689873388,3.889454683026085
external_ipmsm,external_test,4,11.087331857139434,11.341583375908106,8.392986491266356,7.3607906364777795,43.499169729919714,8.280468843057376,6.498003247769142,14.520532130397749,6.344355287639753,16.9386662230673,False,-0.9196782065795963,-1.9361135554176228,3.0611145328507305
external_ipmsm,external_test,5,5.412841792274338,5.452040524104004,3.0644442257599143,11.411449136203212,30.13050092434673,2.7132529333787883,9.268219350790416,25.982068495178314,2.963782321551365,15.943346240396863,False,8.698196202824423,0.25052938817257653,2.7387875907252157
external_ipmsm,external_test,6,2.4173977265171893,2.4420368717472267,0.7303088744448977,2.0328222406145,5.660965853260429,2.066041312994635,6.429375258477261,3.843618571798007,1.2183665656869236,14.330393095049043,False,-0.033219072380135106,-0.8476747473077113,0.37599555875259183
external_ipmsm,external_test,7,0.8754096131169699,1.3317331966898391,1.805042290351407,11.3262365676878,9.577914030195355,0.186602437483892,11.194916933071326,37.20781460203339,0.3110560240139715,6.853464286305145,True,11.139634130203909,0.12445358653007949,1.1451307592059472
external_ipmsm,external_test,8,8.137780787655846,8.015695496126078,3.895396763501524,52.3225637858308,17.854658849019113,4.2855611171508015,31.45738184821734,51.25495624117155,7.373742429817881,7.669601550854837,True,48.03700266868,3.0881813126670794,3.7301343789752766
external_ipmsm,external_test,9,9.281333675033984,9.47721352030143,6.5548915569893005,4.924975928180412,39.15273287682268,5.316202785272666,6.875723509856148,2.940818737430137,4.164527304048215,11.61873294599642,False,-0.3912268570922537,-1.1516754812244514,4.161010735028763
external_ipmsm,external_test,10,12.609009178073771,13.123830649803883,7.692277282919284,24.18318412198117,44.32062043477787,11.93887717627996,16.99795151800225,20.91761520289058,10.286111952254275,8.015525328641967,False,12.244306945701211,-1.6527652240256838,1.1849534735239242
external_ipmsm,external_test,11,5.574451978104382,5.700000449848695,4.26852523872815,4.366657987930111,27.927922849396367,5.964256307988946,6.220006151560852,9.106258027207582,6.188268398085017,11.576980528964048,False,-1.597598320058835,0.22401209009607115,-0.26425585814025077
external_ipmsm,external_test,12,4.287226392743588,4.104231757992388,2.303514529821985,3.5150126046977124,17.20843999247931,3.27392397623505,5.499107746072709,2.9170050456028256,5.113376199528236,9.732508987364596,False,0.24108862846266232,1.8394522232931863,0.8303077817573383
external_ipmsm,external_test,13,7.732553812157825,8.68963259774165,3.0695961733295136,27.410421824688243,21.120449372492587,4.149968312325595,17.447468367105216,32.4955713271181,5.459689755145512,6.708875562932835,True,23.26045351236265,1.3097214428199173,4.5396642854160545
external_ipmsm,external_test,14,1.595671641325147,1.3870316622681906,0.4467018289589938,122.96214277418412,1.122748044752388,151.01846514711215,86.48692074442134,120.9501364147576,23.498712453232,10.158174740031154,False,-28.056322372928037,-127.51975269388015,-149.63143348484397
external_ipmsm,external_test,15,8.56042758091564,9.328335497179063,4.485878947108869,4.025580953490793,32.28497625265678,4.297249091319235,5.33875557728772,11.595209046581637,5.2966606758792025,11.793727400625285,False,-0.271668137828442,0.9994115845599678,5.031086405859829
primary_52kw,source_test,2,13.984490075163956,14.29163895669479,,12.567562244179934,2.632457025544307,4.536099079205726,11.30149046356653,6.84369654793343,4.002730369672234,2.617011385609831,True,8.031463164974209,-0.5333687095334918,9.755539877489063
primary_52kw,source_test,6,11.401927800631844,11.254262330702176,,3.464663673124152,0.7572038448190254,5.210491372404042,3.3568100815062394,8.8479374457917,2.3427495345987075,1.8366028320487569,True,-1.7458276992798902,-2.8677418378053345,6.043770958298134
primary_52kw,source_test,7,3.406268281399276,3.458704554719663,,14.345788313005846,1.6714873084142257,1.0359291361124925,13.794059944457103,10.934407405642032,1.0164551911558182,17.408233385220434,False,13.309859176893353,-0.019473944956674316,2.422775418607171
primary_52kw,source_test,11,8.360293460298054,8.439972736494598,,1.9063356628907524,1.606568036863517,58.53423876723233,12.672757792773906,2.7888159311442706,5.477242562335441,1.6718138229989914,True,-56.62790310434158,-53.05699620489689,-50.094266030737735
primary_52kw,source_test,12,6.833566305469263,6.862882783015848,,8.768487731986193,1.2897930409537872,1.2213312398682612,7.332090970481739,2.5784973910892326,2.505160808236205,11.777024250698348,False,7.5471564921179315,1.283829568367944,5.641551543147586
primary_52kw,source_test,14,9.977794737493673,10.10904211372482,,3.5542550700705,0.6449773708131223,12.299901207073429,3.350037260477773,7.97392009336325,1.4942696536757734,1.9868527856804483,True,-8.745646137002929,-10.805631553397655,-2.1908590933486085
primary_52kw,source_test,20,20.77738556239672,21.505709768286952,,6.573006972951036,2.6691770264766297,6.760710221921954,7.768915200269999,16.50722187055796,7.703514010073991,1.883166985943894,True,-0.1877032489709185,0.9428037881520366,14.744999546364998
primary_52kw,source_test,26,21.119304703287984,22.043369351166856,,22.46920316042928,1.900553019461856,13.788707727552667,16.91117599157519,12.818920883862978,7.7839210685152596,2.253746485743303,True,8.680495432876613,-6.004786659037408,8.254661623614188
primary_52kw,source_test,43,29.21375644443992,22.592711694598204,,6.263409994308117,2.0456989066015523,5.779545974613691,17.01270914588642,9.55691866000848,17.85939778219391,4.116721961731417,True,0.48386401969442616,12.07985180758022,16.813165719984514
primary_52kw,source_test,45,13.246841541586711,19.787742770090464,,8.245230814183165,2.297378127574247,48.07115063228508,16.3775972684816,9.705868923237675,4.694185409485949,4.518574534775298,True,-39.825919818101916,-43.376965222799136,-28.28340786219462
primary_52kw,source_test,56,8.65727306046189,8.813745396067441,,13.826503694799817,4.067932911563768,3.514301175896111,4.991643680737817,20.28757230871656,3.4470554108371787,4.491337457887624,True,10.312202518903705,-0.06724576505893243,5.299444220171329
primary_52kw,source_test,59,12.879470585652047,12.957573538322292,,2.7447713050438924,2.05032348560146,10.814252349123215,7.964122701234856,10.285771551938415,6.514554791982524,2.887337511810464,True,-8.069481044079323,-4.299697557140691,2.143321189199076
primary_52kw,source_test,65,20.901810856382127,26.249348716048853,,10.920512988931664,1.5103778685220302,14.959102528174576,6.604313514302434,2.800485591949768,13.307268700017424,1.2973954002211403,True,-4.038589539242912,-1.6518338281571516,11.290246187874278
primary_52kw,source_test,71,9.010609838461804,11.874085951789285,,9.200104818000222,0.9982557142164692,2.5809102526014693,4.539782635247882,6.21286479651361,6.174714364444946,4.573296684406977,True,6.619194565398752,3.5938041118434767,9.293175699187815
