dataset,role,supported,method,profiles,mean_rmse_c,median_rmse_c,worst_rmse_c,total_clip_count,mean_support_distance
external_ipmsm,external_test,False,boundary_shift_persistence,10,6.779834063436025,6.273550395168574,12.609009178073771,0,12.468931841641714
external_ipmsm,external_test,False,initial_state_persistence,10,6.998411042267088,6.663903281683291,13.123830649803883,0,12.468931841641714
external_ipmsm,external_test,False,published_target_specific_lptn_estimates,10,4.289010618877265,4.377202092918509,8.392986491266356,0,12.468931841641714
external_ipmsm,external_test,False,source_positive_thermal_network_normalized,10,19.302774821619078,6.142883282329096,122.96214277418412,683,12.468931841641714
external_ipmsm,external_test,False,source_positive_thermal_network_raw,10,27.53658861713409,31.207738588501755,44.32062043477787,0,12.468931841641714
external_ipmsm,external_test,False,source_prior_prefix_calibrated_thermal_network,10,19.860708900413062,4.80672593829595,151.01846514711215,999,12.468931841641714
external_ipmsm,external_test,False,source_ridge_arx,10,15.639238385843873,6.638162000985014,86.48692074442134,306,12.468931841641714
external_ipmsm,external_test,False,source_thermal_network_plus_hist_gradient_residual,10,23.494163381107704,13.057870588489692,120.9501364147576,684,12.468931841641714
external_ipmsm,external_test,False,target_only_prefix_positive_thermal_network,10,6.8887518495295526,5.205018437703719,23.498712453232,0,12.468931841641714
external_ipmsm,external_test,True,boundary_shift_persistence,6,5.144015912399162,5.366512906069231,10.282632407263833,0,6.591744265204434
external_ipmsm,external_test,True,initial_state_persistence,6,5.363619175355858,5.467057207461488,10.389951529178086,0,6.591744265204434
external_ipmsm,external_test,True,published_target_specific_lptn_estimates,6,2.0985553824186076,2.153324562958022,3.895396763501524,0,6.591744265204434
external_ipmsm,external_test,True,source_positive_thermal_network_normalized,6,26.4521693199959,19.65302687911261,52.3225637858308,0,6.591744265204434
external_ipmsm,external_test,True,source_positive_thermal_network_raw,6,19.41989619776828,19.487554110755852,31.509295438448948,0,6.591744265204434
external_ipmsm,external_test,True,source_prior_prefix_calibrated_thermal_network,6,3.1933097620965776,4.217764714738198,4.675601117917662,0,6.591744265204434
external_ipmsm,external_test,True,source_ridge_arx,6,18.628518333627564,15.70730698808261,31.45738184821734,0,6.591744265204434
external_ipmsm,external_test,True,source_thermal_network_plus_hist_gradient_residual,6,30.516908711026474,34.69939685139501,51.25495624117155,0,6.591744265204434
external_ipmsm,external_test,True,target_only_prefix_positive_thermal_network,6,4.5654635556047785,4.587915586891234,7.373742429817881,0,6.591744265204434
primary_52kw,source_test,False,boundary_shift_persistence,2,5.11991729343427,5.11991729343427,6.833566305469263,0,14.59262881795939
primary_52kw,source_test,False,initial_state_persistence,2,5.160793668867756,5.160793668867756,6.862882783015848,0,14.59262881795939
primary_52kw,source_test,False,source_positive_thermal_network_normalized,2,11.55713802249602,11.55713802249602,14.345788313005846,0,14.59262881795939
primary_52kw,source_test,False,source_positive_thermal_network_raw,2,1.4806401746840065,1.4806401746840065,1.6714873084142257,0,14.59262881795939
primary_52kw,source_test,False,source_prior_prefix_calibrated_thermal_network,2,1.1286301879903768,1.1286301879903768,1.2213312398682612,0,14.59262881795939
primary_52kw,source_test,False,source_ridge_arx,2,10.563075457469422,10.563075457469422,13.794059944457103,0,14.59262881795939
primary_52kw,source_test,False,source_thermal_network_plus_hist_gradient_residual,2,6.756452398365632,6.756452398365632,10.934407405642032,0,14.59262881795939
primary_52kw,source_test,False,target_only_prefix_positive_thermal_network,2,1.7608079996960115,1.7608079996960115,2.505160808236205,0,14.59262881795939
primary_52kw,source_test,True,boundary_shift_persistence,12,14.960913222188061,13.06315606361938,29.21375644443992,0,2.8444881540715117
primary_52kw,source_test,True,initial_state_persistence,12,15.826600276998894,13.624606247508542,26.249348716048853,0,2.8444881540715117
primary_52kw,source_test,True,source_positive_thermal_network_normalized,12,8.477963366576043,7.409118893567101,22.46920316042928,0,2.8444881540715117
primary_52kw,source_test,True,source_positive_thermal_network_raw,12,1.9317419448381654,1.9731259630317042,4.067932911563768,0,2.8444881540715117
primary_52kw,source_test,True,source_prior_prefix_calibrated_thermal_network,12,15.570784274007025,8.787481285522585,58.53423876723233,45,2.8444881540715117
primary_52kw,source_test,True,source_ridge_arx,12,9.40427964467172,7.866518950752427,17.01270914588642,0,2.8444881540715117
primary_52kw,source_test,True,source_thermal_network_plus_hist_gradient_residual,12,9.552499550418174,9.202428052900089,20.28757230871656,0,2.8444881540715117
primary_52kw,source_test,True,target_only_prefix_positive_thermal_network,12,6.733466971486112,5.825978463390193,17.85939778219391,0,2.8444881540715117
