dataset,role,method,horizon,node,profiles,mean_rmse_c,median_rmse_c,p90_rmse_c,worst_profile_rmse_c,mean_mae_c,mean_max_abs_c,total_clip_count,total_nonfinite_count
external_ipmsm,external_test,boundary_shift_persistence,matched_20min,macro,16,6.1664022567972,6.273550395168574,10.684982132201633,12.609009178073771,5.395274786555208,10.700118231666666,0,0
external_ipmsm,external_test,boundary_shift_persistence,matched_20min,temp_rotor,16,7.8620010482713365,7.989856039834903,13.8131677958161,19.10849200399306,7.031337594290104,12.56622936875,0,0
external_ipmsm,external_test,boundary_shift_persistence,matched_20min,temp_stator_core,16,3.906491005645792,3.350624453005181,7.071280581988581,8.515679900434648,3.371617957816927,7.2141681209375,0,0
external_ipmsm,external_test,boundary_shift_persistence,matched_20min,temp_winding,16,6.730714716474472,5.4996413248717095,12.261756277773207,15.314884168133082,5.782868807558593,12.3199572053125,0,0
external_ipmsm,external_test,initial_state_persistence,matched_20min,macro,16,6.385364092175377,6.663903281683291,10.865767452543096,13.123830649803883,5.555389843728646,11.005104961145832,0,0
external_ipmsm,external_test,initial_state_persistence,matched_20min,temp_rotor,16,8.017476071205687,8.111071053925375,14.485017734359145,19.373548225178922,7.121107215661979,12.836256962499998,0,0
external_ipmsm,external_test,initial_state_persistence,matched_20min,temp_stator_core,16,4.1611826572313895,3.6984734154532424,7.407141152536544,8.696450065975196,3.56831461256224,7.5909599671875,0,0
external_ipmsm,external_test,initial_state_persistence,matched_20min,temp_winding,16,6.977433548089052,5.8304170371850645,12.62703915978864,15.415733575366003,5.976747702961718,12.588097953750001,0,0
external_ipmsm,external_test,published_target_specific_lptn_estimates,matched_20min,macro,16,3.467589905205269,3.067020199544714,7.123584419954293,8.392986491266356,3.118507958025727,5.935223517911097,0,0
external_ipmsm,external_test,published_target_specific_lptn_estimates,matched_20min,temp_rotor,16,2.2603108940079526,2.400092228428198,4.193800394197767,4.630538924645803,2.0255774778979303,4.083696041033627,0,0
external_ipmsm,external_test,published_target_specific_lptn_estimates,matched_20min,temp_stator_core,16,4.217886279803664,3.4173811352028105,8.771984347202402,11.640914406793927,3.868521315485957,6.760001091333252,0,0
external_ipmsm,external_test,published_target_specific_lptn_estimates,matched_20min,temp_winding,16,3.924572541804191,3.0272520288706053,9.149427178497326,11.520153956782224,3.461425080693293,6.961973421366412,0,0
external_ipmsm,external_test,source_positive_thermal_network_normalized,matched_20min,macro,16,21.983797758510388,9.785684200059391,51.664747273012615,122.96214277418413,18.950389549264024,33.603040510121474,683,0
external_ipmsm,external_test,source_positive_thermal_network_normalized,matched_20min,temp_rotor,16,12.235573990575853,6.134989667684987,25.432056299711384,68.65258750736086,9.939306406587196,22.32035846835187,683,0
external_ipmsm,external_test,source_positive_thermal_network_normalized,matched_20min,temp_stator_core,16,17.795508578637925,7.452197205702678,43.140118792964266,105.48997840415267,15.191809909164629,26.96323334355993,683,0
external_ipmsm,external_test,source_positive_thermal_network_normalized,matched_20min,temp_winding,16,35.92031070631739,17.538568074915105,86.4220667263622,194.74386241103886,31.72005233204025,51.52552971845262,683,0
external_ipmsm,external_test,source_positive_thermal_network_raw,matched_20min,macro,16,24.492828959871908,27.279707549373782,41.3259513033712,44.32062043477787,21.753633094273276,38.87856498367161,0,0
external_ipmsm,external_test,source_positive_thermal_network_raw,matched_20min,temp_rotor,16,9.887396460948102,9.249448475958188,20.97601612824632,25.300543778215992,8.556948661515648,16.199897390063615,0,0
external_ipmsm,external_test,source_positive_thermal_network_raw,matched_20min,temp_stator_core,16,20.245378850100565,22.888851594784885,32.8259834846212,36.162642447701835,17.889062311422105,31.105808336517615,0,0
external_ipmsm,external_test,source_positive_thermal_network_raw,matched_20min,temp_winding,16,43.34571156856706,49.607270643543934,68.73372420084914,74.38293527120966,38.814888309882086,69.3299892244336,0,0
external_ipmsm,external_test,source_prior_prefix_calibrated_thermal_network,matched_20min,macro,16,13.61043422354438,4.291405104235018,10.109673009668668,151.01846514711215,11.827675779561583,20.621884719046157,999,0
external_ipmsm,external_test,source_prior_prefix_calibrated_thermal_network,matched_20min,temp_rotor,16,12.018922920636285,5.94904962656255,13.011240210123237,104.43752239735439,10.039200647016461,20.85143423000916,999,0
external_ipmsm,external_test,source_prior_prefix_calibrated_thermal_network,matched_20min,temp_stator_core,16,12.547592560834623,2.4851265403381486,9.3974181438221,153.70572374470282,10.66613707258541,19.395900261778653,999,0
external_ipmsm,external_test,source_prior_prefix_calibrated_thermal_network,matched_20min,temp_winding,16,16.26478718916223,3.3088601405596267,11.82936859552671,194.91214929927924,14.777689619082883,21.61831966535066,999,0
external_ipmsm,external_test,source_ridge_arx,matched_20min,macro,16,16.760218366262755,8.071971430323282,31.368222175700957,86.48692074442134,13.5424128093196,29.1065734836763,306,0
external_ipmsm,external_test,source_ridge_arx,matched_20min,temp_rotor,16,8.653575117932434,5.997047812468935,14.171788240151777,41.10183508166245,6.9110167020497455,17.07263705122363,306,0
external_ipmsm,external_test,source_ridge_arx,matched_20min,temp_stator_core,16,13.396688227787271,6.228796044401872,26.14852368880745,72.81368464518678,10.595557575469966,23.767997663721022,306,0
external_ipmsm,external_test,source_ridge_arx,matched_20min,temp_winding,16,28.230391753068563,14.763538026810043,53.78435459814366,145.54524250641475,23.120664150439094,46.479085736084244,306,0
external_ipmsm,external_test,source_thermal_network_plus_hist_gradient_residual,matched_20min,macro,16,26.127692879827244,17.719073666644164,44.23138542160247,120.95013641475761,23.31873063927815,38.39617669059078,684,0
external_ipmsm,external_test,source_thermal_network_plus_hist_gradient_residual,matched_20min,temp_rotor,16,14.800613252226393,10.410033611504012,26.36821709431443,61.397280340850024,12.632023815062826,25.24730360132549,684,0
external_ipmsm,external_test,source_thermal_network_plus_hist_gradient_residual,matched_20min,temp_stator_core,16,21.101838560799965,12.65832745730241,36.59433689871686,105.55205263270561,18.69826621696755,30.47746413962193,684,0
external_ipmsm,external_test,source_thermal_network_plus_hist_gradient_residual,matched_20min,temp_winding,16,42.48062682645537,27.409111726848725,74.52637355660892,195.9010762707172,38.625901885804076,59.46376233082491,684,0
external_ipmsm,external_test,target_only_prefix_positive_thermal_network,matched_20min,macro,16,6.0175187393077625,5.205018437703719,8.829927191036077,23.498712453232002,4.984454228326974,11.469007139799846,0,0
external_ipmsm,external_test,target_only_prefix_positive_thermal_network,matched_20min,temp_rotor,16,8.227484872006503,8.283981854195623,13.742213057837269,21.57118789931753,7.077522026565836,13.985853488240126,0,0
external_ipmsm,external_test,target_only_prefix_positive_thermal_network,matched_20min,temp_stator_core,16,5.696642487894241,2.5363696912450626,7.580804846704236,48.059344403343296,4.547776214498331,11.921277103890045,0,0
external_ipmsm,external_test,target_only_prefix_positive_thermal_network,matched_20min,temp_winding,16,4.128428858022542,3.4298495027461917,8.884794902730523,12.785199415524447,3.3280644439167544,8.499890827269365,0,0
primary_52kw,source_test,boundary_shift_persistence,long_55min,macro,14,16.576322038427026,13.319412246161104,26.476619263558923,31.704556431043567,14.776263050781727,27.803742472987953,0,0
primary_52kw,source_test,boundary_shift_persistence,long_55min,temp_rotor,14,19.550364263114968,16.237087726479732,35.558089383435615,37.707375145088704,17.873078162040716,29.501395110117244,0,0
primary_52kw,source_test,boundary_shift_persistence,long_55min,temp_stator_core,14,11.516716928527961,11.086519299501438,19.572036459111025,20.981630745258116,10.28541491749112,20.528512759607597,0,0
primary_52kw,source_test,boundary_shift_persistence,long_55min,temp_winding,14,18.66188492363815,15.710134382400824,32.673056140963304,38.9258369727295,16.17029607281335,33.381319549239024,0,0
primary_52kw,source_test,boundary_shift_persistence,matched_20min,macro,14,13.55505666093752,12.140699193141947,21.054056549216227,29.21375644443992,11.9199557941825,22.492190652191855,0,0
primary_52kw,source_test,boundary_shift_persistence,matched_20min,temp_rotor,14,12.403941892856892,11.75774890462297,22.055358935471236,28.457481229581973,10.992730020283213,20.02914095795964,0,0
primary_52kw,source_test,boundary_shift_persistence,matched_20min,temp_stator_core,14,10.22341908518989,8.186050347062116,18.1641991871304,20.658915008839525,9.058940504553322,16.76470728906533,0,0
primary_52kw,source_test,boundary_shift_persistence,matched_20min,temp_winding,14,18.037809004765773,16.80630227854325,28.768835482234763,43.825912868201094,15.708196857710963,30.6827237095506,0,0
primary_52kw,source_test,initial_state_persistence,long_55min,macro,14,18.7217528415916,19.78270162321108,28.757646552766005,32.851799426149704,16.74577977798536,29.603609851274232,0,0
primary_52kw,source_test,initial_state_persistence,long_55min,temp_rotor,14,20.557532230559296,21.20105539548002,34.36044837065427,39.28309522599368,18.787259849281092,29.607006471803036,0,0
primary_52kw,source_test,initial_state_persistence,long_55min,temp_stator_core,14,15.254606555628124,14.477962944833418,29.61092937823239,32.90427607565606,13.576192078416781,24.043316614937623,0,0
primary_52kw,source_test,initial_state_persistence,long_55min,temp_winding,14,20.353119738587377,19.204898890543525,33.45805199707062,39.94225408778778,17.873887406258202,35.160506467082044,0,0
primary_52kw,source_test,initial_state_persistence,matched_20min,macro,14,14.302913618694447,12.415829745055788,22.4279089915688,26.249348716048853,12.499454446565236,23.29537449109285,0,0
primary_52kw,source_test,initial_state_persistence,matched_20min,temp_rotor,14,13.228995634945447,13.371656632262225,20.03479606589713,29.40477887078465,11.561781064230422,21.208156523590002,0,0
primary_52kw,source_test,initial_state_persistence,matched_20min,temp_stator_core,14,11.312900553377006,9.540546555183194,21.14149257907042,25.15632218017238,9.97441618329962,17.96735531060461,0,0
primary_52kw,source_test,initial_state_persistence,matched_20min,temp_winding,14,18.366844667760887,17.466580794458693,32.68968042310344,37.143081330137065,15.962166092165663,30.710611639083943,0,0
primary_52kw,source_test,source_positive_thermal_network_normalized,long_55min,macro,14,13.251766256242032,9.609765076418206,24.174770741464023,27.73678836966495,11.664316668517529,22.209040710924416,0,0
primary_52kw,source_test,source_positive_thermal_network_normalized,long_55min,temp_rotor,14,11.888336285171627,9.088877135398512,20.812197965589693,22.165529054505658,10.314558480926808,19.370471377496983,0,0
primary_52kw,source_test,source_positive_thermal_network_normalized,long_55min,temp_stator_core,14,9.322632105573833,7.086084350608541,17.92332862965898,21.20348997131988,8.210305386831344,15.919209862757878,0,0
primary_52kw,source_test,source_positive_thermal_network_normalized,long_55min,temp_winding,14,18.544330377980632,13.548674217710127,33.04778439630874,40.899919272933104,16.468086137794433,31.33744089251838,0,0
primary_52kw,source_test,source_positive_thermal_network_normalized,matched_20min,macro,14,8.917845460278897,8.506859273084679,14.190002927544038,22.469203160429277,7.769355971314321,14.649896048046008,0,0
primary_52kw,source_test,source_positive_thermal_network_normalized,matched_20min,temp_rotor,14,6.330593072044226,6.166069512778304,10.641015549099501,16.953213243816407,5.416658061521166,10.613748622259488,0,0
primary_52kw,source_test,source_positive_thermal_network_normalized,matched_20min,temp_stator_core,14,6.644230392930212,7.179832438389218,11.854130220800736,16.783821993505388,5.7673975420731995,10.885649693577529,0,0
primary_52kw,source_test,source_positive_thermal_network_normalized,matched_20min,temp_winding,14,13.778712915862254,14.376040069526262,23.020410661073083,33.670574243966044,12.1240123103486,22.450289828301013,0,0
primary_52kw,source_test,source_positive_thermal_network_raw,long_55min,macro,14,2.3760963804557416,2.3060358566212513,3.266586493897635,3.519925483736486,2.052596005772122,4.767961142063358,0,0
primary_52kw,source_test,source_positive_thermal_network_raw,long_55min,temp_rotor,14,3.2384100603569133,3.0262739094854805,4.9462687193616235,6.348396192975425,2.797573021998949,5.711807625961202,0,0
primary_52kw,source_test,source_positive_thermal_network_raw,long_55min,temp_stator_core,14,1.554268597998442,1.4917024389680864,2.407590027994199,2.9515719742648776,1.3533866457708859,3.23747319739601,0,0
primary_52kw,source_test,source_positive_thermal_network_raw,long_55min,temp_winding,14,2.3356104830118687,2.2838375717637094,3.112425954591149,4.900357723668882,2.0068283495465313,5.354602602832862,0,0
primary_52kw,source_test,source_positive_thermal_network_raw,matched_20min,macro,14,1.8672988348161428,1.7860201639380406,2.658161026196933,4.067932911563768,1.592842368912544,3.5562699979418477,0,0
primary_52kw,source_test,source_positive_thermal_network_raw,matched_20min,temp_rotor,14,1.8886056207827675,1.6772539016076355,3.076206418395786,4.635891849343258,1.5866805586157273,3.6652980591190882,0,0
primary_52kw,source_test,source_positive_thermal_network_raw,matched_20min,temp_stator_core,14,1.5160234473669374,1.680046650939219,2.3283584894655833,2.967526902767379,1.305639131723943,2.798832660749835,0,0
primary_52kw,source_test,source_positive_thermal_network_raw,matched_20min,temp_winding,14,2.197267436298723,2.0149421211196485,3.8305259053032628,4.600379982580667,1.8862074163979607,4.20467927395662,0,0
primary_52kw,source_test,source_prior_prefix_calibrated_thermal_network,long_55min,macro,14,28.65446115907572,12.985356754075404,77.03346169652484,128.16937826169274,25.34581706641128,42.2371084635579,4441,0
primary_52kw,source_test,source_prior_prefix_calibrated_thermal_network,long_55min,temp_rotor,14,31.178726391704284,16.605422918185525,72.73962060216608,146.10463312386608,26.685031861832037,48.548362772140585,4441,0
primary_52kw,source_test,source_prior_prefix_calibrated_thermal_network,long_55min,temp_stator_core,14,18.88513261645237,7.435384339391176,60.18065766384498,83.52803297136633,16.97576396762903,27.066990499681626,4441,0
primary_52kw,source_test,source_prior_prefix_calibrated_thermal_network,long_55min,temp_winding,14,35.899524469070506,13.5196190697364,110.42814479877363,154.87546868984586,32.37665536977276,51.0959721188515,4441,0
primary_52kw,source_test,source_prior_prefix_calibrated_thermal_network,matched_20min,macro,14,13.507619404576074,6.270128098267822,38.13753620105196,58.53423876723233,11.69477602341983,23.845840085204394,45,0
primary_52kw,source_test,source_prior_prefix_calibrated_thermal_network,matched_20min,temp_rotor,14,11.034898400190542,6.178585081273283,23.390605346235418,60.114545794785414,9.401634532351078,19.474143082854933,45,0
primary_52kw,source_test,source_prior_prefix_calibrated_thermal_network,matched_20min,temp_stator_core,14,9.987721518948387,5.430969415909036,31.79806603082634,39.3614193906237,8.715763383246047,17.407806026362994,45,0
primary_52kw,source_test,source_prior_prefix_calibrated_thermal_network,matched_20min,temp_winding,14,19.50023829458929,9.024961293214739,61.04837671905311,76.86571054395779,16.966930154662364,34.655571146395246,45,0
primary_52kw,source_test,source_ridge_arx,long_55min,macro,14,13.225855119522553,12.134039099330668,22.283274619970268,24.821575379806152,11.527969308356475,22.429649535231842,0,0
primary_52kw,source_test,source_ridge_arx,long_55min,temp_rotor,14,10.677157060724438,7.928147433518623,18.438516461603413,22.601299514246953,9.3903857267389,17.086372127833496,0,0
primary_52kw,source_test,source_ridge_arx,long_55min,temp_stator_core,14,9.620439792900793,9.487605041988544,16.63502690031002,18.542729128268086,8.347535716345634,16.41928989782939,0,0
primary_52kw,source_test,source_ridge_arx,long_55min,temp_winding,14,19.37996850494243,18.95678808338042,31.208874545581985,35.41387347302451,16.84598648198489,33.783286580032645,0,0
primary_52kw,source_test,source_ridge_arx,matched_20min,macro,14,9.56982190364282,7.866518950752427,16.75110237464711,17.01270914588642,8.147659733912965,16.558198527996083,0,0
primary_52kw,source_test,source_ridge_arx,matched_20min,temp_rotor,14,6.74611232952335,6.973666733735255,11.353197530623206,14.268488312909145,5.7863359858275185,11.384835871230923,0,0
primary_52kw,source_test,source_ridge_arx,matched_20min,temp_stator_core,14,7.077884394349815,5.983972137388152,13.195384909507013,14.768374683788364,6.001477783098565,12.282247815711838,0,0
primary_52kw,source_test,source_ridge_arx,matched_20min,temp_winding,14,14.885468987055296,13.554180573242693,27.068987214519378,28.757862800842112,12.655165432812812,26.007511897045486,0,0
primary_52kw,source_test,source_thermal_network_plus_hist_gradient_residual,long_55min,macro,14,12.88001249077747,10.626943459937142,21.973901339391016,22.839773811282175,11.163632565992568,21.87673635145813,0,0
primary_52kw,source_test,source_thermal_network_plus_hist_gradient_residual,long_55min,temp_rotor,14,10.192976247041875,6.446697525111334,22.217092646451533,23.12862070962985,8.635982873636488,17.143592090026036,0,0
primary_52kw,source_test,source_thermal_network_plus_hist_gradient_residual,long_55min,temp_stator_core,14,9.588769513957022,7.949925103869377,14.97561250632142,16.14514574257783,8.381311594337731,16.37285963156882,0,0
primary_52kw,source_test,source_thermal_network_plus_hist_gradient_residual,long_55min,temp_winding,14,18.85829171133351,15.8837871385021,29.19830640067238,30.097783045923215,16.473603230003484,32.11375733277954,0,0
primary_52kw,source_test,source_thermal_network_plus_hist_gradient_residual,matched_20min,macro,14,9.153064242982097,9.202428052900089,15.400731574549468,20.287572308716562,7.870991132445538,15.291173610513445,0,0
primary_52kw,source_test,source_thermal_network_plus_hist_gradient_residual,matched_20min,temp_rotor,14,5.30850660844447,5.104802432916291,10.911368906151548,14.633919372002575,4.448053616023061,9.705509581883353,0,0
primary_52kw,source_test,source_thermal_network_plus_hist_gradient_residual,matched_20min,temp_stator_core,14,7.223398052285018,6.865909338958511,11.212629329897927,15.697971700982983,6.219135504749564,11.873517789282841,0,0
primary_52kw,source_test,source_thermal_network_plus_hist_gradient_residual,matched_20min,temp_winding,14,14.927288068216805,14.656189839229285,22.84003939999335,33.02354967146087,12.945784276563993,24.294493460374145,0,0
primary_52kw,source_test,target_only_prefix_positive_thermal_network,long_55min,macro,14,10.942912809181282,10.921833527895721,17.661578775326664,25.549454821883895,9.154700518628248,18.784294985999477,0,0
primary_52kw,source_test,target_only_prefix_positive_thermal_network,long_55min,temp_rotor,14,13.373336642412037,9.014239607715893,22.69288838023465,32.06164627312368,11.549660635777142,21.30642664465068,0,0
primary_52kw,source_test,target_only_prefix_positive_thermal_network,long_55min,temp_stator_core,14,8.0013395891871,5.463608179659096,15.644141119423207,33.70929963157861,6.524243586308769,14.011123638764754,0,0
primary_52kw,source_test,target_only_prefix_positive_thermal_network,long_55min,temp_winding,14,11.454062195944712,8.425367753627881,25.02501069254918,34.543220851711055,9.390197333798838,21.035334674582995,0,0
primary_52kw,source_test,target_only_prefix_positive_thermal_network,matched_20min,macro,14,6.0230871183732395,5.0857139859106955,11.65026441056678,17.85939778219391,5.085584285437743,10.545114328475531,0,0
primary_52kw,source_test,target_only_prefix_positive_thermal_network,matched_20min,temp_rotor,14,5.750272457740429,4.86840251998309,9.977663836734207,13.325050798239227,4.844741061203251,10.355426673326516,0,0
primary_52kw,source_test,target_only_prefix_positive_thermal_network,matched_20min,temp_stator_core,14,4.846679055040709,2.612898848364017,11.87679302908605,20.05803749075485,4.108580033535179,8.075050708507137,0,0
primary_52kw,source_test,target_only_prefix_positive_thermal_network,matched_20min,temp_winding,14,7.472309842338583,6.003675746533864,15.416737974444805,29.277541879516612,6.3034317615747995,13.204865603592939,0,0
primary_52kw,validation,boundary_shift_persistence,long_55min,macro,11,18.201210695628784,16.349963257076258,28.579689490591942,45.86505178796049,16.426477968470383,30.60807486225895,0,0
primary_52kw,validation,boundary_shift_persistence,long_55min,temp_rotor,11,19.48404003067125,18.974837075797772,40.230432682348436,42.290009609141116,18.022889075640553,29.476041257120475,0,0
primary_52kw,validation,boundary_shift_persistence,long_55min,temp_stator_core,11,12.765595335729047,11.082912992983376,17.813554401217537,32.69592507423616,11.342268528747335,22.366313284370655,0,0
primary_52kw,validation,boundary_shift_persistence,long_55min,temp_winding,11,22.353996720486055,18.649951245937306,27.695081388209854,62.60922068050419,19.914276301023257,39.981870045285724,0,0
primary_52kw,validation,boundary_shift_persistence,matched_20min,macro,11,15.070610472532593,11.501735026208186,24.26276269235932,36.141594459695945,13.401212165579334,23.661234948316363,0,0
primary_52kw,validation,boundary_shift_persistence,matched_20min,temp_rotor,11,15.882393324742134,18.272456472204393,26.416876417253167,31.270905901070098,14.400935460295843,23.985734494602767,0,0
primary_52kw,validation,boundary_shift_persistence,matched_20min,temp_stator_core,11,10.704775319557063,8.747474478028883,16.877168029448907,28.42112122592685,9.418267704703796,17.0662799604748,0,0
primary_52kw,validation,boundary_shift_persistence,matched_20min,temp_winding,11,18.624662773298585,17.882459306866032,26.013648212080195,58.194834514653934,16.38443333173836,29.93169038987152,0,0
primary_52kw,validation,initial_state_persistence,long_55min,macro,11,21.205540152824355,19.40392202557732,30.03177242072992,47.56540319399426,18.977708107286567,35.02406729627406,0,0
primary_52kw,validation,initial_state_persistence,long_55min,temp_rotor,11,22.430815788977245,23.480366368165537,42.084627502628955,44.032598834029166,20.93513882578327,33.00357288174143,0,0
primary_52kw,validation,initial_state_persistence,long_55min,temp_stator_core,11,16.464716936599164,19.303453987694308,25.79615770737463,34.388226129342684,14.215836691741185,28.66563833961443,0,0
primary_52kw,validation,initial_state_persistence,long_55min,temp_winding,11,24.72108773289665,22.925323098172257,28.70723577186649,64.27538461861091,21.78214880433525,43.402990667466334,0,0
primary_52kw,validation,initial_state_persistence,matched_20min,macro,11,15.637782570908275,13.738522063167322,25.30139326326915,37.30260111378245,13.927359984618404,24.056120848240905,0,0
primary_52kw,validation,initial_state_persistence,matched_20min,temp_rotor,11,16.45227921510516,18.246864960024972,26.171653106298987,32.32279268605189,14.99212454074928,23.88779338106248,0,0
primary_52kw,validation,initial_state_persistence,matched_20min,temp_stator_core,11,11.368041584751241,12.853037433578333,17.911980003442398,29.5772369080221,9.991068507409912,17.84788579559398,0,0
primary_52kw,validation,initial_state_persistence,matched_20min,temp_winding,11,19.093026912868428,17.80659072332581,25.99468692579963,59.37406295099941,16.798886905696023,30.432683368066254,0,0
primary_52kw,validation,source_positive_thermal_network_normalized,long_55min,macro,11,17.883753921335355,12.32586220475163,25.941485864037077,56.19051234577629,15.908085483410554,29.343845778319327,0,0
primary_52kw,validation,source_positive_thermal_network_normalized,long_55min,temp_rotor,11,16.243685552222026,12.403010049558208,25.467954098330665,48.14025240169033,14.267431684075655,26.670335451089827,0,0
primary_52kw,validation,source_positive_thermal_network_normalized,long_55min,temp_stator_core,11,13.095208919981054,9.527446097493007,18.95762433690624,42.121528121634604,11.725851122556254,20.90405874058562,0,0
primary_52kw,validation,source_positive_thermal_network_normalized,long_55min,temp_winding,11,24.31236729180299,16.75632842292942,34.20343000049136,78.30975651400394,21.730973643599757,40.457143143282536,0,0
primary_52kw,validation,source_positive_thermal_network_normalized,matched_20min,macro,11,13.68385273641425,12.35610913338315,21.858819310056266,27.949794776075006,11.959963027495167,22.437262823766844,0,0
primary_52kw,validation,source_positive_thermal_network_normalized,matched_20min,temp_rotor,11,10.598165858242181,10.935677695065602,16.301241136526624,18.040704937782014,9.446910858708684,16.731668386874833,0,0
primary_52kw,validation,source_positive_thermal_network_normalized,matched_20min,temp_stator_core,11,10.265590562555714,8.808135424099346,15.733987082090081,23.82194453703287,8.848357799563134,16.916585312663845,0,0
primary_52kw,validation,source_positive_thermal_network_normalized,matched_20min,temp_winding,11,20.187801788444855,17.34148161708894,31.801765910296705,48.38950284796283,17.584620424213682,33.663534771761846,0,0
primary_52kw,validation,source_positive_thermal_network_raw,long_55min,macro,11,2.18401252788883,1.7144283005540435,3.624354715660649,3.7367337618976713,1.8310692524717496,5.042777269737113,0,0
primary_52kw,validation,source_positive_thermal_network_raw,long_55min,temp_rotor,11,3.1207397217562654,2.514112903122187,5.398525188585545,7.55188476337492,2.623682954945054,6.089119725326018,0,0
primary_52kw,validation,source_positive_thermal_network_raw,long_55min,temp_stator_core,11,1.3411989840764662,1.2145372930092797,2.066113246566356,2.22889169411259,1.1380592238163978,3.3848846397667582,0,0
primary_52kw,validation,source_positive_thermal_network_raw,long_55min,temp_winding,11,2.090098877833758,2.0636812626257957,3.0733066942703653,3.2456472642838112,1.7314655786537962,5.654327444118562,0,0
primary_52kw,validation,source_positive_thermal_network_raw,matched_20min,macro,11,1.388122137854601,1.3364577872973413,2.328483462624618,2.3310467688958347,1.171318357493805,2.939001974299056,0,0
primary_52kw,validation,source_positive_thermal_network_raw,matched_20min,temp_rotor,11,1.4702665917774902,1.4115034926822578,2.1309950740660617,2.2803455942473825,1.291626368519058,2.8833020511085157,0,0
primary_52kw,validation,source_positive_thermal_network_raw,matched_20min,temp_stator_core,11,1.1068086460587347,0.9155436647915141,2.1291757012504595,2.414662045248681,0.9349656277630946,2.2544667553865256,0,0
primary_52kw,validation,source_positive_thermal_network_raw,matched_20min,temp_winding,11,1.5872911757275778,1.4713467139788352,2.575929092376012,3.2475472061352595,1.2873630761992627,3.6792371164021263,0,0
primary_52kw,validation,source_prior_prefix_calibrated_thermal_network,long_55min,macro,11,24.743573710378563,10.531785771914757,90.73327145512945,100.98230672941834,22.34932350161234,38.21849001305379,1955,0
primary_52kw,validation,source_prior_prefix_calibrated_thermal_network,long_55min,temp_rotor,11,21.602855196422833,8.678765626398341,40.10588946972987,103.87754766587217,19.132558149853438,35.20158593467763,1955,0
primary_52kw,validation,source_prior_prefix_calibrated_thermal_network,long_55min,temp_stator_core,11,18.199445647920104,6.007834057913667,71.94759114072322,83.03277323746548,16.5837426503722,27.750967864848374,1955,0
primary_52kw,validation,source_prior_prefix_calibrated_thermal_network,long_55min,temp_winding,11,34.42842028679275,16.759904344062527,127.12178138165967,149.061151658193,31.331669704611382,51.70291623963536,1955,0
primary_52kw,validation,source_prior_prefix_calibrated_thermal_network,matched_20min,macro,11,13.427393761938514,6.7912685168573725,44.076727106745466,51.72108258171676,11.645228735616401,23.708606182518317,0,0
primary_52kw,validation,source_prior_prefix_calibrated_thermal_network,matched_20min,temp_rotor,11,10.13077074303646,5.715754709886042,22.1313897985101,38.448250692746086,8.61981372525559,18.43571251014572,0,0
primary_52kw,validation,source_prior_prefix_calibrated_thermal_network,matched_20min,temp_stator_core,11,10.279450049970764,2.4507474988567055,33.91897317256046,48.650106375327404,8.909443600504545,18.054307599615367,0,0
primary_52kw,validation,source_prior_prefix_calibrated_thermal_network,matched_20min,temp_winding,11,19.87196049280832,9.005811688156603,59.86295745492984,91.51955576161085,17.40642888108907,34.635798437793866,0,0
primary_52kw,validation,source_ridge_arx,long_55min,macro,11,14.99524129588621,10.533782304677596,26.3970024931715,37.32411770280935,12.677049391678624,28.154119119673485,0,0
primary_52kw,validation,source_ridge_arx,long_55min,temp_rotor,11,12.209436643238242,8.538858481466644,26.22190810678669,27.26384495534521,10.189675989109068,22.836484341895165,0,0
primary_52kw,validation,source_ridge_arx,long_55min,temp_stator_core,11,11.081575558202214,8.22812672156163,19.258022178866177,29.03349799165176,9.34078631130814,20.624509983264776,0,0
primary_52kw,validation,source_ridge_arx,long_55min,temp_winding,11,21.694711686218174,16.8289746342655,33.711077193861634,55.675010161431096,18.500685874618668,41.00136303386051,0,0
primary_52kw,validation,source_ridge_arx,matched_20min,macro,11,10.543439014197439,10.196247832628304,15.058349978461804,17.527336737011552,9.149948211999009,18.421392611257104,0,0
primary_52kw,validation,source_ridge_arx,matched_20min,temp_rotor,11,8.45717171444959,9.84810501760616,14.694891502384579,15.961386450722072,7.687218758295725,13.294764715885936,0,0
primary_52kw,validation,source_ridge_arx,matched_20min,temp_stator_core,11,7.503341207930867,7.7415582916918355,11.893513607616448,11.923760187134656,6.376560653349893,13.49885649878774,0,0
primary_52kw,validation,source_ridge_arx,matched_20min,temp_winding,11,15.669804120211854,16.00540201082294,21.94493697303979,24.72711015269613,13.386065224351409,28.470556619097632,0,0
primary_52kw,validation,source_thermal_network_plus_hist_gradient_residual,long_55min,macro,11,15.060398173904145,8.589353859120685,28.256354961686906,55.159128381623255,13.359865201820709,25.71657195167777,0,0
primary_52kw,validation,source_thermal_network_plus_hist_gradient_residual,long_55min,temp_rotor,11,13.517941079967045,6.90734702637552,29.88272624263885,53.01829470014925,11.755898982785142,21.608068578662465,0,0
primary_52kw,validation,source_thermal_network_plus_hist_gradient_residual,long_55min,temp_stator_core,11,10.987203732992814,6.716585253895045,19.723151180569864,39.42435776317949,9.85051944388444,18.646985869763512,0,0
primary_52kw,validation,source_thermal_network_plus_hist_gradient_residual,long_55min,temp_winding,11,20.676049708752576,12.19143676797111,36.17849325834038,73.03473268154103,18.473177178792547,36.894661406607334,0,0
primary_52kw,validation,source_thermal_network_plus_hist_gradient_residual,matched_20min,macro,11,9.748075799046502,6.461456514088401,15.178522305774278,37.95414176354,8.39933102842818,16.745882628181953,0,0
primary_52kw,validation,source_thermal_network_plus_hist_gradient_residual,matched_20min,temp_rotor,11,5.985404305392836,3.7878059581469787,11.004607752779405,19.254870666676943,4.825441935714668,11.355546117008073,0,0
primary_52kw,validation,source_thermal_network_plus_hist_gradient_residual,matched_20min,temp_stator_core,11,7.698276234956796,5.073577309742068,12.057760036540206,30.954384708402372,6.666369913514344,12.898804229985807,0,0
primary_52kw,validation,source_thermal_network_plus_hist_gradient_residual,matched_20min,temp_winding,11,15.560546856789868,11.148380921325257,22.47319912800322,63.65316991554068,13.706181236055533,25.983297537551973,0,0
primary_52kw,validation,target_only_prefix_positive_thermal_network,long_55min,macro,11,13.043094683747201,11.505062257269808,24.424617359451045,32.65892721840158,11.249010748746068,24.296389491501476,0,0
primary_52kw,validation,target_only_prefix_positive_thermal_network,long_55min,temp_rotor,11,20.68434109100161,15.742240633795902,36.370875574863334,84.82846698461562,18.707630425643448,31.85067069458548,0,0
primary_52kw,validation,target_only_prefix_positive_thermal_network,long_55min,temp_stator_core,11,7.220314243002448,7.202614155006191,16.020232696180752,17.0600275442754,5.85000540858998,16.204610858749444,0,0
primary_52kw,validation,target_only_prefix_positive_thermal_network,long_55min,temp_winding,11,11.224628717237552,8.868030318319757,22.81190764817156,36.08121636916903,9.189396412004776,24.833886921169494,0,0
primary_52kw,validation,target_only_prefix_positive_thermal_network,matched_20min,macro,11,9.278099241351102,6.823273775431542,15.615470271353923,30.35157507952312,7.8795828099633605,15.461123702807265,0,0
primary_52kw,validation,target_only_prefix_positive_thermal_network,matched_20min,temp_rotor,11,11.761254718247217,10.179796768460902,23.978057731472443,33.88402478791135,10.081563747604418,19.730550060953465,0,0
primary_52kw,validation,target_only_prefix_positive_thermal_network,matched_20min,temp_stator_core,11,5.846293544550989,3.7611693759140814,10.378699828031012,24.304456724619115,4.816236682947438,10.285712224523747,0,0
primary_52kw,validation,target_only_prefix_positive_thermal_network,matched_20min,temp_winding,11,10.226749461255098,4.81065766148044,20.18755627805138,51.846040148274234,8.740947999338221,16.367108822944584,0,0
