dataset,role,profile_id,budget_seconds,evaluation_seconds,method,macro_rmse_c,clip_count,nonfinite_count
primary_52kw,source_test,2,60,600,source_positive_thermal_network_normalized,14.067018420352534,0,0
primary_52kw,source_test,2,60,600,target_only_prefix_positive_thermal_network,37.145977368732915,0,0
primary_52kw,source_test,2,60,600,source_prior_prefix_calibrated_thermal_network,35.162105698403195,0,0
primary_52kw,source_test,2,300,600,source_positive_thermal_network_normalized,9.298878889805628,0,0
primary_52kw,source_test,2,300,600,target_only_prefix_positive_thermal_network,2.3112143397379374,0,0
primary_52kw,source_test,2,300,600,source_prior_prefix_calibrated_thermal_network,2.3962638006957833,0,0
primary_52kw,source_test,2,900,600,source_positive_thermal_network_normalized,7.062047433189224,0,0
primary_52kw,source_test,2,900,600,target_only_prefix_positive_thermal_network,0.6056372826200714,0,0
primary_52kw,source_test,2,900,600,source_prior_prefix_calibrated_thermal_network,1.980974853974125,0,0
primary_52kw,source_test,6,60,600,source_positive_thermal_network_normalized,10.832209644679244,0,0
primary_52kw,source_test,6,60,600,target_only_prefix_positive_thermal_network,32.63346907150209,0,0
primary_52kw,source_test,6,60,600,source_prior_prefix_calibrated_thermal_network,30.171591290707322,0,0
primary_52kw,source_test,6,300,600,source_positive_thermal_network_normalized,3.33113707358088,0,0
primary_52kw,source_test,6,300,600,target_only_prefix_positive_thermal_network,1.162699191063265,0,0
primary_52kw,source_test,6,300,600,source_prior_prefix_calibrated_thermal_network,2.7004624332818827,0,0
primary_52kw,source_test,6,900,600,source_positive_thermal_network_normalized,1.2292463282431827,0,0
primary_52kw,source_test,6,900,600,target_only_prefix_positive_thermal_network,0.4548474047351174,0,0
primary_52kw,source_test,6,900,600,source_prior_prefix_calibrated_thermal_network,0.46594626029403186,0,0
primary_52kw,source_test,7,60,600,source_positive_thermal_network_normalized,6.279301053136458,0,0
primary_52kw,source_test,7,60,600,target_only_prefix_positive_thermal_network,2.3444286632391838,0,0
primary_52kw,source_test,7,60,600,source_prior_prefix_calibrated_thermal_network,2.3517816826767484,0,0
primary_52kw,source_test,7,300,600,source_positive_thermal_network_normalized,8.125326552847168,0,0
primary_52kw,source_test,7,300,600,target_only_prefix_positive_thermal_network,0.6861844063231177,0,0
primary_52kw,source_test,7,300,600,source_prior_prefix_calibrated_thermal_network,0.7880814530956061,0,0
primary_52kw,source_test,7,900,600,source_positive_thermal_network_normalized,9.165361220721932,0,0
primary_52kw,source_test,7,900,600,target_only_prefix_positive_thermal_network,0.16261797388835617,0,0
primary_52kw,source_test,7,900,600,source_prior_prefix_calibrated_thermal_network,0.30841855089253106,0,0
primary_52kw,source_test,11,60,600,source_positive_thermal_network_normalized,13.84164880640573,0,0
primary_52kw,source_test,11,60,600,target_only_prefix_positive_thermal_network,10.505691144613126,0,0
primary_52kw,source_test,11,60,600,source_prior_prefix_calibrated_thermal_network,13.831110737621273,0,0
primary_52kw,source_test,11,300,600,source_positive_thermal_network_normalized,2.2384853159569214,0,0
primary_52kw,source_test,11,300,600,target_only_prefix_positive_thermal_network,4.327152746538254,0,0
primary_52kw,source_test,11,300,600,source_prior_prefix_calibrated_thermal_network,33.09579274505628,0,0
primary_52kw,source_test,11,900,600,source_positive_thermal_network_normalized,0.7185815116649833,0,0
primary_52kw,source_test,11,900,600,target_only_prefix_positive_thermal_network,1.0222174378764433,0,0
primary_52kw,source_test,11,900,600,source_prior_prefix_calibrated_thermal_network,1.381742678606378,0,0
primary_52kw,source_test,12,60,600,source_positive_thermal_network_normalized,3.0683838188734174,0,0
primary_52kw,source_test,12,60,600,target_only_prefix_positive_thermal_network,19.258871098459412,0,0
primary_52kw,source_test,12,60,600,source_prior_prefix_calibrated_thermal_network,18.707420206307344,0,0
primary_52kw,source_test,12,300,600,source_positive_thermal_network_normalized,4.492600433458924,0,0
primary_52kw,source_test,12,300,600,target_only_prefix_positive_thermal_network,1.416031244234009,0,0
primary_52kw,source_test,12,300,600,source_prior_prefix_calibrated_thermal_network,0.7084851568655366,0,0
primary_52kw,source_test,12,900,600,source_positive_thermal_network_normalized,5.685571800746325,0,0
primary_52kw,source_test,12,900,600,target_only_prefix_positive_thermal_network,0.65356744934771,0,0
primary_52kw,source_test,12,900,600,source_prior_prefix_calibrated_thermal_network,0.6757011051268397,0,0
primary_52kw,source_test,14,60,600,source_positive_thermal_network_normalized,6.051318305089306,0,0
primary_52kw,source_test,14,60,600,target_only_prefix_positive_thermal_network,24.82140121073016,0,0
primary_52kw,source_test,14,60,600,source_prior_prefix_calibrated_thermal_network,25.421347236576505,0,0
primary_52kw,source_test,14,300,600,source_positive_thermal_network_normalized,2.046735495503452,0,0
primary_52kw,source_test,14,300,600,target_only_prefix_positive_thermal_network,0.704609660108927,0,0
primary_52kw,source_test,14,300,600,source_prior_prefix_calibrated_thermal_network,5.092645094788698,0,0
primary_52kw,source_test,14,900,600,source_positive_thermal_network_normalized,2.5534767571679575,0,0
primary_52kw,source_test,14,900,600,target_only_prefix_positive_thermal_network,0.36461130804894665,0,0
primary_52kw,source_test,14,900,600,source_prior_prefix_calibrated_thermal_network,0.35731338937740437,0,0
primary_52kw,source_test,20,60,600,source_positive_thermal_network_normalized,3.6101159922499533,0,0
primary_52kw,source_test,20,60,600,target_only_prefix_positive_thermal_network,22.90749151684923,0,0
primary_52kw,source_test,20,60,600,source_prior_prefix_calibrated_thermal_network,21.57495444753331,0,0
primary_52kw,source_test,20,300,600,source_positive_thermal_network_normalized,3.9746887938372457,0,0
primary_52kw,source_test,20,300,600,target_only_prefix_positive_thermal_network,1.4004844959384457,0,0
primary_52kw,source_test,20,300,600,source_prior_prefix_calibrated_thermal_network,2.257821658226461,0,0
primary_52kw,source_test,20,900,600,source_positive_thermal_network_normalized,8.593728703458256,0,0
primary_52kw,source_test,20,900,600,target_only_prefix_positive_thermal_network,12.081661946268406,0,0
primary_52kw,source_test,20,900,600,source_prior_prefix_calibrated_thermal_network,8.133262258941658,0,0
primary_52kw,source_test,26,60,600,source_positive_thermal_network_normalized,30.273735315953616,0,0
primary_52kw,source_test,26,60,600,target_only_prefix_positive_thermal_network,48.115757176229955,0,0
primary_52kw,source_test,26,60,600,source_prior_prefix_calibrated_thermal_network,66.68727712971221,202,0
primary_52kw,source_test,26,300,600,source_positive_thermal_network_normalized,17.36626934310875,0,0
primary_52kw,source_test,26,300,600,target_only_prefix_positive_thermal_network,4.261960842536991,0,0
primary_52kw,source_test,26,300,600,source_prior_prefix_calibrated_thermal_network,6.869671300237042,0,0
primary_52kw,source_test,26,900,600,source_positive_thermal_network_normalized,9.161124905014107,0,0
primary_52kw,source_test,26,900,600,target_only_prefix_positive_thermal_network,0.3950416951101639,0,0
primary_52kw,source_test,26,900,600,source_prior_prefix_calibrated_thermal_network,1.6608647481161671,0,0
primary_52kw,source_test,43,60,600,source_positive_thermal_network_normalized,8.688607619634633,0,0
primary_52kw,source_test,43,60,600,target_only_prefix_positive_thermal_network,14.29035227036959,0,0
primary_52kw,source_test,43,60,600,source_prior_prefix_calibrated_thermal_network,3.1287892725693314,0,0
primary_52kw,source_test,43,300,600,source_positive_thermal_network_normalized,4.685520141471993,0,0
primary_52kw,source_test,43,300,600,target_only_prefix_positive_thermal_network,8.911110436145153,0,0
primary_52kw,source_test,43,300,600,source_prior_prefix_calibrated_thermal_network,3.3246282595789167,0,0
primary_52kw,source_test,43,900,600,source_positive_thermal_network_normalized,14.358472072998472,0,0
primary_52kw,source_test,43,900,600,target_only_prefix_positive_thermal_network,1.0633522187193254,0,0
primary_52kw,source_test,43,900,600,source_prior_prefix_calibrated_thermal_network,2.5738712526204806,0,0
primary_52kw,source_test,45,60,600,source_positive_thermal_network_normalized,45.08234919190056,0,0
primary_52kw,source_test,45,60,600,target_only_prefix_positive_thermal_network,8.98045264748648,0,0
primary_52kw,source_test,45,60,600,source_prior_prefix_calibrated_thermal_network,9.149436540107132,0,0
primary_52kw,source_test,45,300,600,source_positive_thermal_network_normalized,5.454821944083041,0,0
primary_52kw,source_test,45,300,600,target_only_prefix_positive_thermal_network,3.965201810152672,0,0
primary_52kw,source_test,45,300,600,source_prior_prefix_calibrated_thermal_network,28.01399128073125,0,0
primary_52kw,source_test,45,900,600,source_positive_thermal_network_normalized,12.5180348472976,0,0
primary_52kw,source_test,45,900,600,target_only_prefix_positive_thermal_network,3.0989678072532914,0,0
primary_52kw,source_test,45,900,600,source_prior_prefix_calibrated_thermal_network,2.2667015710677214,0,0
primary_52kw,source_test,56,60,600,source_positive_thermal_network_normalized,9.407112095115155,0,0
primary_52kw,source_test,56,60,600,target_only_prefix_positive_thermal_network,6.777277464371353,0,0
primary_52kw,source_test,56,60,600,source_prior_prefix_calibrated_thermal_network,9.49155807752347,0,0
primary_52kw,source_test,56,300,600,source_positive_thermal_network_normalized,6.709133294103178,0,0
primary_52kw,source_test,56,300,600,target_only_prefix_positive_thermal_network,2.487827767200839,0,0
primary_52kw,source_test,56,300,600,source_prior_prefix_calibrated_thermal_network,2.9285914530282127,0,0
primary_52kw,source_test,56,900,600,source_positive_thermal_network_normalized,6.606188553284928,0,0
primary_52kw,source_test,56,900,600,target_only_prefix_positive_thermal_network,2.039307111167339,0,0
primary_52kw,source_test,56,900,600,source_prior_prefix_calibrated_thermal_network,1.775992688137775,0,0
primary_52kw,source_test,59,60,600,source_positive_thermal_network_normalized,2.262659445948568,0,0
primary_52kw,source_test,59,60,600,target_only_prefix_positive_thermal_network,11.01394806585629,0,0
primary_52kw,source_test,59,60,600,source_prior_prefix_calibrated_thermal_network,7.3270382860062755,0,0
primary_52kw,source_test,59,300,600,source_positive_thermal_network_normalized,2.3403106858059908,0,0
primary_52kw,source_test,59,300,600,target_only_prefix_positive_thermal_network,4.259524878791138,0,0
primary_52kw,source_test,59,300,600,source_prior_prefix_calibrated_thermal_network,3.5396327873072924,0,0
primary_52kw,source_test,59,900,600,source_positive_thermal_network_normalized,4.365468024317847,0,0
primary_52kw,source_test,59,900,600,target_only_prefix_positive_thermal_network,1.6072389793720412,0,0
primary_52kw,source_test,59,900,600,source_prior_prefix_calibrated_thermal_network,2.6964906258254078,0,0
primary_52kw,source_test,65,60,600,source_positive_thermal_network_normalized,3.8566405113644264,0,0
primary_52kw,source_test,65,60,600,target_only_prefix_positive_thermal_network,3.8226917879029867,0,0
primary_52kw,source_test,65,60,600,source_prior_prefix_calibrated_thermal_network,3.912444691015269,0,0
primary_52kw,source_test,65,300,600,source_positive_thermal_network_normalized,9.797828018874135,0,0
primary_52kw,source_test,65,300,600,target_only_prefix_positive_thermal_network,8.716778163126106,0,0
primary_52kw,source_test,65,300,600,source_prior_prefix_calibrated_thermal_network,10.983268086915169,0,0
primary_52kw,source_test,65,900,600,source_positive_thermal_network_normalized,3.9918683737775216,0,0
primary_52kw,source_test,65,900,600,target_only_prefix_positive_thermal_network,3.0301750194286097,0,0
primary_52kw,source_test,65,900,600,source_prior_prefix_calibrated_thermal_network,4.552923989049716,0,0
primary_52kw,source_test,71,60,600,source_positive_thermal_network_normalized,3.7120155101847607,0,0
primary_52kw,source_test,71,60,600,target_only_prefix_positive_thermal_network,70.9174179585411,34,0
primary_52kw,source_test,71,60,600,source_prior_prefix_calibrated_thermal_network,42.16492240052323,0,0
primary_52kw,source_test,71,300,600,source_positive_thermal_network_normalized,4.406442632420854,0,0
primary_52kw,source_test,71,300,600,target_only_prefix_positive_thermal_network,4.708242655557094,0,0
primary_52kw,source_test,71,300,600,source_prior_prefix_calibrated_thermal_network,1.78206706335956,0,0
primary_52kw,source_test,71,900,600,source_positive_thermal_network_normalized,5.687382200810588,0,0
primary_52kw,source_test,71,900,600,target_only_prefix_positive_thermal_network,1.9045810779685153,0,0
primary_52kw,source_test,71,900,600,source_prior_prefix_calibrated_thermal_network,2.621111395436646,0,0
external_ipmsm,external_test,0,60,600,source_positive_thermal_network_normalized,2.9008590981657494,0,0
external_ipmsm,external_test,0,60,600,target_only_prefix_positive_thermal_network,10.67727317948976,0,0
external_ipmsm,external_test,0,60,600,source_prior_prefix_calibrated_thermal_network,10.505679602559733,0,0
external_ipmsm,external_test,0,300,600,source_positive_thermal_network_normalized,2.8377561457579166,0,0
external_ipmsm,external_test,0,300,600,target_only_prefix_positive_thermal_network,2.677537468459539,0,0
external_ipmsm,external_test,0,300,600,source_prior_prefix_calibrated_thermal_network,2.997372540000242,0,0
external_ipmsm,external_test,0,900,600,source_positive_thermal_network_normalized,2.631778244502731,0,0
external_ipmsm,external_test,0,900,600,target_only_prefix_positive_thermal_network,0.29757080187830987,0,0
external_ipmsm,external_test,0,900,600,source_prior_prefix_calibrated_thermal_network,0.5594941305178759,0,0
external_ipmsm,external_test,1,60,600,source_positive_thermal_network_normalized,171.83226825368266,747,0
external_ipmsm,external_test,1,60,600,target_only_prefix_positive_thermal_network,3.376165554537947,0,0
external_ipmsm,external_test,1,60,600,source_prior_prefix_calibrated_thermal_network,116.32327744510314,504,0
external_ipmsm,external_test,1,300,600,source_positive_thermal_network_normalized,11.890252646798059,0,0
external_ipmsm,external_test,1,300,600,target_only_prefix_positive_thermal_network,4.016983828785775,0,0
external_ipmsm,external_test,1,300,600,source_prior_prefix_calibrated_thermal_network,1.4420548363265657,0,0
external_ipmsm,external_test,1,900,600,source_positive_thermal_network_normalized,0.3567797366911216,0,0
external_ipmsm,external_test,1,900,600,target_only_prefix_positive_thermal_network,1.4211367470159153,0,0
external_ipmsm,external_test,1,900,600,source_prior_prefix_calibrated_thermal_network,1.1561234720097133,0,0
external_ipmsm,external_test,2,60,600,source_positive_thermal_network_normalized,174.08199052622115,953,0
external_ipmsm,external_test,2,60,600,target_only_prefix_positive_thermal_network,48.75522598504963,153,0
external_ipmsm,external_test,2,60,600,source_prior_prefix_calibrated_thermal_network,157.42687587853058,709,0
external_ipmsm,external_test,2,300,600,source_positive_thermal_network_normalized,29.34535176339565,0,0
external_ipmsm,external_test,2,300,600,target_only_prefix_positive_thermal_network,6.489854354923586,0,0
external_ipmsm,external_test,2,300,600,source_prior_prefix_calibrated_thermal_network,3.3021531284938086,0,0
external_ipmsm,external_test,2,900,600,source_positive_thermal_network_normalized,5.620181813875912,0,0
external_ipmsm,external_test,2,900,600,target_only_prefix_positive_thermal_network,2.0798786757830197,0,0
external_ipmsm,external_test,2,900,600,source_prior_prefix_calibrated_thermal_network,4.381894912997591,0,0
external_ipmsm,external_test,3,60,600,source_positive_thermal_network_normalized,3.488431872659008,0,0
external_ipmsm,external_test,3,60,600,target_only_prefix_positive_thermal_network,3.3701569259350563,0,0
external_ipmsm,external_test,3,60,600,source_prior_prefix_calibrated_thermal_network,3.0778835933446693,0,0
external_ipmsm,external_test,3,300,600,source_positive_thermal_network_normalized,4.906548934931546,0,0
external_ipmsm,external_test,3,300,600,target_only_prefix_positive_thermal_network,2.1301050030548434,0,0
external_ipmsm,external_test,3,300,600,source_prior_prefix_calibrated_thermal_network,2.0829153093527872,0,0
external_ipmsm,external_test,3,900,600,source_positive_thermal_network_normalized,5.295704265124511,0,0
external_ipmsm,external_test,3,900,600,target_only_prefix_positive_thermal_network,1.5585954720879196,0,0
external_ipmsm,external_test,3,900,600,source_prior_prefix_calibrated_thermal_network,1.6820468657370118,0,0
external_ipmsm,external_test,4,60,600,source_positive_thermal_network_normalized,4.660979121879627,0,0
external_ipmsm,external_test,4,60,600,target_only_prefix_positive_thermal_network,11.384790628598223,0,0
external_ipmsm,external_test,4,60,600,source_prior_prefix_calibrated_thermal_network,10.458610424090828,0,0
external_ipmsm,external_test,4,300,600,source_positive_thermal_network_normalized,4.5633414385125315,0,0
external_ipmsm,external_test,4,300,600,target_only_prefix_positive_thermal_network,4.094669241405133,0,0
external_ipmsm,external_test,4,300,600,source_prior_prefix_calibrated_thermal_network,5.277196409956964,0,0
external_ipmsm,external_test,4,900,600,source_positive_thermal_network_normalized,4.565433015374347,0,0
external_ipmsm,external_test,4,900,600,target_only_prefix_positive_thermal_network,3.8186476062486174,0,0
external_ipmsm,external_test,4,900,600,source_prior_prefix_calibrated_thermal_network,3.247550542385755,0,0
external_ipmsm,external_test,5,60,600,source_positive_thermal_network_normalized,3.6430454592032877,0,0
external_ipmsm,external_test,5,60,600,target_only_prefix_positive_thermal_network,8.398596353380034,0,0
external_ipmsm,external_test,5,60,600,source_prior_prefix_calibrated_thermal_network,8.03423046785551,0,0
external_ipmsm,external_test,5,300,600,source_positive_thermal_network_normalized,6.119535319314316,0,0
external_ipmsm,external_test,5,300,600,target_only_prefix_positive_thermal_network,1.3046550558041394,0,0
external_ipmsm,external_test,5,300,600,source_prior_prefix_calibrated_thermal_network,1.540936081168965,0,0
external_ipmsm,external_test,5,900,600,source_positive_thermal_network_normalized,7.418977426690808,0,0
external_ipmsm,external_test,5,900,600,target_only_prefix_positive_thermal_network,2.7075198310701616,0,0
external_ipmsm,external_test,5,900,600,source_prior_prefix_calibrated_thermal_network,1.96379336349768,0,0
external_ipmsm,external_test,6,60,600,source_positive_thermal_network_normalized,1.1072261360405562,0,0
external_ipmsm,external_test,6,60,600,target_only_prefix_positive_thermal_network,3.6950329551689047,0,0
external_ipmsm,external_test,6,60,600,source_prior_prefix_calibrated_thermal_network,2.170077836894059,0,0
external_ipmsm,external_test,6,300,600,source_positive_thermal_network_normalized,1.5368877551112592,0,0
external_ipmsm,external_test,6,300,600,target_only_prefix_positive_thermal_network,1.144075661464812,0,0
external_ipmsm,external_test,6,300,600,source_prior_prefix_calibrated_thermal_network,1.0260840931771595,0,0
external_ipmsm,external_test,6,900,600,source_positive_thermal_network_normalized,0.9799791173029196,0,0
external_ipmsm,external_test,6,900,600,target_only_prefix_positive_thermal_network,0.94256448399373,0,0
external_ipmsm,external_test,6,900,600,source_prior_prefix_calibrated_thermal_network,1.0727885265329258,0,0
external_ipmsm,external_test,7,60,600,source_positive_thermal_network_normalized,5.51260496874477,0,0
external_ipmsm,external_test,7,60,600,target_only_prefix_positive_thermal_network,2.2277952050981598,0,0
external_ipmsm,external_test,7,60,600,source_prior_prefix_calibrated_thermal_network,1.721636006781418,0,0
external_ipmsm,external_test,7,300,600,source_positive_thermal_network_normalized,6.449956495002457,0,0
external_ipmsm,external_test,7,300,600,target_only_prefix_positive_thermal_network,0.2600884965811626,0,0
external_ipmsm,external_test,7,300,600,source_prior_prefix_calibrated_thermal_network,0.17126166500457563,0,0
external_ipmsm,external_test,7,900,600,source_positive_thermal_network_normalized,6.976000039434507,0,0
external_ipmsm,external_test,7,900,600,target_only_prefix_positive_thermal_network,0.19694970839411083,0,0
external_ipmsm,external_test,7,900,600,source_prior_prefix_calibrated_thermal_network,0.19609583171426126,0,0
external_ipmsm,external_test,8,60,600,source_positive_thermal_network_normalized,7.399482240472317,0,0
external_ipmsm,external_test,8,60,600,target_only_prefix_positive_thermal_network,3.444355409801721,0,0
external_ipmsm,external_test,8,60,600,source_prior_prefix_calibrated_thermal_network,3.2873995210543243,0,0
external_ipmsm,external_test,8,300,600,source_positive_thermal_network_normalized,10.515568417373679,0,0
external_ipmsm,external_test,8,300,600,target_only_prefix_positive_thermal_network,2.3357119654108023,0,0
external_ipmsm,external_test,8,300,600,source_prior_prefix_calibrated_thermal_network,2.0865361433097864,0,0
external_ipmsm,external_test,8,900,600,source_positive_thermal_network_normalized,4.881245199623681,0,0
external_ipmsm,external_test,8,900,600,target_only_prefix_positive_thermal_network,2.2173581849378925,0,0
external_ipmsm,external_test,8,900,600,source_prior_prefix_calibrated_thermal_network,3.18155288804261,0,0
external_ipmsm,external_test,9,60,600,source_positive_thermal_network_normalized,149.6558196049235,270,0
external_ipmsm,external_test,9,60,600,target_only_prefix_positive_thermal_network,15.008827025379057,0,0
external_ipmsm,external_test,9,60,600,source_prior_prefix_calibrated_thermal_network,8.93985699976153,0,0
external_ipmsm,external_test,9,300,600,source_positive_thermal_network_normalized,2.759671306875223,0,0
external_ipmsm,external_test,9,300,600,target_only_prefix_positive_thermal_network,2.0541390566197735,0,0
external_ipmsm,external_test,9,300,600,source_prior_prefix_calibrated_thermal_network,3.04472277413336,0,0
external_ipmsm,external_test,9,900,600,source_positive_thermal_network_normalized,5.0964651459313535,0,0
external_ipmsm,external_test,9,900,600,target_only_prefix_positive_thermal_network,4.565272252568879,0,0
external_ipmsm,external_test,9,900,600,source_prior_prefix_calibrated_thermal_network,3.72231997514017,0,0
external_ipmsm,external_test,10,60,600,source_positive_thermal_network_normalized,6.786061230371355,0,0
external_ipmsm,external_test,10,60,600,target_only_prefix_positive_thermal_network,10.241936678724862,0,0
external_ipmsm,external_test,10,60,600,source_prior_prefix_calibrated_thermal_network,10.261756880178268,0,0
external_ipmsm,external_test,10,300,600,source_positive_thermal_network_normalized,13.386255056619797,0,0
external_ipmsm,external_test,10,300,600,target_only_prefix_positive_thermal_network,3.8747257822274186,0,0
external_ipmsm,external_test,10,300,600,source_prior_prefix_calibrated_thermal_network,6.668677765254681,0,0
external_ipmsm,external_test,10,900,600,source_positive_thermal_network_normalized,5.427980102721047,0,0
external_ipmsm,external_test,10,900,600,target_only_prefix_positive_thermal_network,5.349299448909121,0,0
external_ipmsm,external_test,10,900,600,source_prior_prefix_calibrated_thermal_network,10.370283822822849,0,0
external_ipmsm,external_test,11,60,600,source_positive_thermal_network_normalized,3.227439009847959,0,0
external_ipmsm,external_test,11,60,600,target_only_prefix_positive_thermal_network,4.427814988349183,0,0
external_ipmsm,external_test,11,60,600,source_prior_prefix_calibrated_thermal_network,12.017647470971143,0,0
external_ipmsm,external_test,11,300,600,source_positive_thermal_network_normalized,2.273051498071324,0,0
external_ipmsm,external_test,11,300,600,target_only_prefix_positive_thermal_network,5.1111212063769536,0,0
external_ipmsm,external_test,11,300,600,source_prior_prefix_calibrated_thermal_network,2.8113144021058183,0,0
external_ipmsm,external_test,11,900,600,source_positive_thermal_network_normalized,2.524869661805344,0,0
external_ipmsm,external_test,11,900,600,target_only_prefix_positive_thermal_network,1.3203053788956536,0,0
external_ipmsm,external_test,11,900,600,source_prior_prefix_calibrated_thermal_network,1.3904135192024254,0,0
external_ipmsm,external_test,12,60,600,source_positive_thermal_network_normalized,2.063744244145131,0,0
external_ipmsm,external_test,12,60,600,target_only_prefix_positive_thermal_network,3.8742376814032284,0,0
external_ipmsm,external_test,12,60,600,source_prior_prefix_calibrated_thermal_network,4.472241056634364,0,0
external_ipmsm,external_test,12,300,600,source_positive_thermal_network_normalized,2.5533768321898376,0,0
external_ipmsm,external_test,12,300,600,target_only_prefix_positive_thermal_network,4.72043361057056,0,0
external_ipmsm,external_test,12,300,600,source_prior_prefix_calibrated_thermal_network,2.339289581039193,0,0
external_ipmsm,external_test,12,900,600,source_positive_thermal_network_normalized,2.9201818225550853,0,0
external_ipmsm,external_test,12,900,600,target_only_prefix_positive_thermal_network,1.3532321855556744,0,0
external_ipmsm,external_test,12,900,600,source_prior_prefix_calibrated_thermal_network,1.5020754088706714,0,0
external_ipmsm,external_test,13,60,600,source_positive_thermal_network_normalized,129.7952937936634,324,0
external_ipmsm,external_test,13,60,600,target_only_prefix_positive_thermal_network,4.495432900505087,0,0
external_ipmsm,external_test,13,60,600,source_prior_prefix_calibrated_thermal_network,12.479778681702763,0,0
external_ipmsm,external_test,13,300,600,source_positive_thermal_network_normalized,14.181036425944903,0,0
external_ipmsm,external_test,13,300,600,target_only_prefix_positive_thermal_network,3.398249276764473,0,0
external_ipmsm,external_test,13,300,600,source_prior_prefix_calibrated_thermal_network,2.6162724403769233,0,0
external_ipmsm,external_test,13,900,600,source_positive_thermal_network_normalized,2.4017701458250493,0,0
external_ipmsm,external_test,13,900,600,target_only_prefix_positive_thermal_network,2.3831103062969525,0,0
external_ipmsm,external_test,13,900,600,source_prior_prefix_calibrated_thermal_network,2.0995208979182345,0,0
external_ipmsm,external_test,14,60,600,source_positive_thermal_network_normalized,38.557145544951105,0,0
external_ipmsm,external_test,14,60,600,target_only_prefix_positive_thermal_network,8.556067204205855,0,0
external_ipmsm,external_test,14,60,600,source_prior_prefix_calibrated_thermal_network,15.949802318837783,0,0
external_ipmsm,external_test,14,300,600,source_positive_thermal_network_normalized,82.88236601104717,83,0
external_ipmsm,external_test,14,300,600,target_only_prefix_positive_thermal_network,7.852687525092917,0,0
external_ipmsm,external_test,14,300,600,source_prior_prefix_calibrated_thermal_network,89.42893786051188,129,0
external_ipmsm,external_test,14,900,600,source_positive_thermal_network_normalized,18.641861943231543,0,0
external_ipmsm,external_test,14,900,600,target_only_prefix_positive_thermal_network,0.6796777248220586,0,0
external_ipmsm,external_test,14,900,600,source_prior_prefix_calibrated_thermal_network,1.698665662629186,0,0
external_ipmsm,external_test,15,60,600,source_positive_thermal_network_normalized,2.7802846412700286,0,0
external_ipmsm,external_test,15,60,600,target_only_prefix_positive_thermal_network,7.131853924945933,0,0
external_ipmsm,external_test,15,60,600,source_prior_prefix_calibrated_thermal_network,5.766217542814098,0,0
external_ipmsm,external_test,15,300,600,source_positive_thermal_network_normalized,3.05989183106132,0,0
external_ipmsm,external_test,15,300,600,target_only_prefix_positive_thermal_network,3.057804376415042,0,0
external_ipmsm,external_test,15,300,600,source_prior_prefix_calibrated_thermal_network,2.604831578608342,0,0
external_ipmsm,external_test,15,900,600,source_positive_thermal_network_normalized,2.6095900348247483,0,0
external_ipmsm,external_test,15,900,600,target_only_prefix_positive_thermal_network,2.1537861653684662,0,0
external_ipmsm,external_test,15,900,600,source_prior_prefix_calibrated_thermal_network,2.830429374825735,0,0
