dataset,role,budget_seconds,method,profiles,mean_macro_rmse_c,median_macro_rmse_c,worst_macro_rmse_c,total_clip_count,total_nonfinite_count
external_ipmsm,external_test,60,source_positive_thermal_network_normalized,16,44.2182922341401,5.086792045312198,174.08199052622115,2294,0
external_ipmsm,external_test,60,source_prior_prefix_calibrated_thermal_network,16,23.93081073294464,9.6008069399699,157.42687587853058,1213,0
external_ipmsm,external_test,60,target_only_prefix_positive_thermal_network,16,9.31659766253579,5.81364341272551,48.75522598504963,153,0
external_ipmsm,external_test,300,source_positive_thermal_network_normalized,16,12.453802992375437,5.513042127122931,82.88236601104717,83,0
external_ipmsm,external_test,300,source_prior_prefix_calibrated_thermal_network,16,8.090034788051316,2.6105520094926327,89.42893786051188,129,0
external_ipmsm,external_test,300,target_only_prefix_positive_thermal_network,16,3.407677619372308,3.2280268265897574,7.852687525092917,0,0
external_ipmsm,external_test,900,source_positive_thermal_network_normalized,16,4.896799857219669,4.723339107499013,18.641861943231543,0,0
external_ipmsm,external_test,900,source_prior_prefix_calibrated_thermal_network,16,2.5659405746777937,1.831229513063433,10.370283822822849,0,0
external_ipmsm,external_test,900,target_only_prefix_positive_thermal_network,16,2.065306560864155,1.8192370739354695,5.349299448909121,0,0
primary_52kw,source_test,60,source_positive_thermal_network_normalized,14,11.502365409349169,7.483954336385546,45.08234919190056,0,0
primary_52kw,source_test,60,source_prior_prefix_calibrated_thermal_network,14,20.64869840694876,16.26926547196431,66.68727712971221,202,0
primary_52kw,source_test,60,target_only_prefix_positive_thermal_network,14,22.395373388920273,16.774611684414502,70.9174179585411,34,0
primary_52kw,source_test,300,source_positive_thermal_network_normalized,14,6.019155615347011,4.5890602874654585,17.36626934310875,0,0
primary_52kw,source_test,300,source_prior_prefix_calibrated_thermal_network,14,7.462957326654835,3.1266098563035647,33.09579274505628,0,0
primary_52kw,source_test,300,target_only_prefix_positive_thermal_network,14,3.5227873312467106,3.226514788676756,8.911110436145153,0,0
primary_52kw,source_test,900,source_positive_thermal_network_normalized,14,6.549753766620923,6.146785377047758,14.358472072998472,0,0
primary_52kw,source_test,900,source_prior_prefix_calibrated_thermal_network,14,2.2465225262476345,1.8784837710559499,8.133262258941658,0,0
primary_52kw,source_test,900,target_only_prefix_positive_thermal_network,14,2.034558907986024,1.0427848282978842,12.081661946268406,0,0
