dataset,role,horizon,candidate,baseline,profiles,baseline_mean_rmse_c,candidate_mean_rmse_c,improvement_c,ci_low_c,ci_high_c,relative_improvement,wilcoxon_p,holm_p
external_ipmsm,external_test,matched_20min,source_prior_prefix_calibrated_thermal_network,boundary_shift_persistence,16,6.1664022567972,13.610434223544377,-7.444031966747181,-26.762247150006488,2.8525542971835742,-1.2071920800401328,0.03863525390625,0.115966796875
external_ipmsm,external_test,matched_20min,source_prior_prefix_calibrated_thermal_network,initial_state_persistence,16,6.385364092175376,13.610434223544377,-7.225070131369005,-26.62942631218527,3.138195116139079,-1.1315048017735754,0.02899169921875,0.115966796875
external_ipmsm,external_test,matched_20min,source_prior_prefix_calibrated_thermal_network,source_positive_thermal_network_normalized,16,21.983797758510384,13.610434223544377,8.373363534966009,0.12959810884904635,17.652046723733342,0.38088794424632594,0.09344482421875,0.1868896484375
external_ipmsm,external_test,matched_20min,source_prior_prefix_calibrated_thermal_network,source_positive_thermal_network_raw,16,24.492828959871908,13.610434223544377,10.88239473632753,-12.250818826888473,25.296066222593968,0.44430942436893756,0.005157470703125,0.036102294921875
external_ipmsm,external_test,matched_20min,source_prior_prefix_calibrated_thermal_network,source_ridge_arx,16,16.760218366262755,13.610434223544377,3.149784142718376,-7.44904776111706,11.038978388442203,0.1879321661499763,0.010986328125,0.054931640625
external_ipmsm,external_test,matched_20min,source_prior_prefix_calibrated_thermal_network,source_thermal_network_plus_hist_gradient_residual,16,26.127692879827244,13.610434223544377,12.517258656282866,3.7364993541008684,21.215183245486504,0.4790801359253282,0.00628662109375,0.0377197265625
external_ipmsm,external_test,matched_20min,source_prior_prefix_calibrated_thermal_network,target_only_prefix_positive_thermal_network,16,6.0175187393077625,13.610434223544377,-7.592915484236617,-23.846503941528997,0.9477359557161912,-1.2618017181463872,0.632171630859375,0.632171630859375
primary_52kw,source_test,long_55min,source_prior_prefix_calibrated_thermal_network,boundary_shift_persistence,14,16.576322038427026,28.654461159075716,-12.078139120648691,-34.38465336444699,4.69229531314816,-0.7286380593143218,0.8077392578125,1.0
primary_52kw,source_test,long_55min,source_prior_prefix_calibrated_thermal_network,initial_state_persistence,14,18.7217528415916,28.654461159075716,-9.932708317484119,-31.44892351231443,6.147709550245908,-0.5305437157261236,0.7608642578125,1.0
primary_52kw,source_test,long_55min,source_prior_prefix_calibrated_thermal_network,source_positive_thermal_network_normalized,14,13.251766256242032,28.654461159075716,-15.402694902833689,-38.08307256590854,2.60294291972393,-1.1623126008262104,0.3909912109375,1.0
primary_52kw,source_test,long_55min,source_prior_prefix_calibrated_thermal_network,source_positive_thermal_network_raw,14,2.3760963804557416,28.654461159075716,-26.27836477861997,-47.25772353493569,-10.067059050757848,-11.059469217986734,0.0006103515625,0.0042724609375
primary_52kw,source_test,long_55min,source_prior_prefix_calibrated_thermal_network,source_ridge_arx,14,13.225855119522558,28.654461159075716,-15.42860603955317,-36.942074000998566,1.5717857545201408,-1.1665488469459455,0.3575439453125,1.0
primary_52kw,source_test,long_55min,source_prior_prefix_calibrated_thermal_network,source_thermal_network_plus_hist_gradient_residual,14,12.88001249077747,28.654461159075716,-15.774448668298248,-37.73155029606187,1.0091633236051238,-1.2247230877759858,0.2412109375,1.0
primary_52kw,source_test,long_55min,source_prior_prefix_calibrated_thermal_network,target_only_prefix_positive_thermal_network,14,10.942912809181282,28.654461159075716,-17.711548349894436,-38.954848672439766,-1.009783264659843,-1.6185405713032968,0.118896484375,0.71337890625
primary_52kw,source_test,matched_20min,source_prior_prefix_calibrated_thermal_network,boundary_shift_persistence,14,13.55505666093752,13.507619404576076,0.04743725636144536,-10.594891084725024,8.507152279850576,0.0034995985297611005,0.153076171875,0.91845703125
primary_52kw,source_test,matched_20min,source_prior_prefix_calibrated_thermal_network,initial_state_persistence,14,14.302913618694447,13.507619404576076,0.7952942141183714,-9.39702075713125,8.499528493711368,0.05560365078894778,0.153076171875,0.91845703125
primary_52kw,source_test,matched_20min,source_prior_prefix_calibrated_thermal_network,source_positive_thermal_network_normalized,14,8.917845460278897,13.507619404576076,-4.589773944297176,-15.641983989497053,4.079083527740053,-0.5146729627397731,1.0,1.0
primary_52kw,source_test,matched_20min,source_prior_prefix_calibrated_thermal_network,source_positive_thermal_network_raw,14,1.8672988348161428,13.507619404576076,-11.64032056975993,-21.535694559460456,-3.902133719108626,-6.2337748799088475,0.001708984375,0.011962890625
primary_52kw,source_test,matched_20min,source_prior_prefix_calibrated_thermal_network,source_ridge_arx,14,9.56982190364282,13.507619404576076,-3.9377975009332538,-12.88002891675048,3.3640321332159133,-0.41148075069550705,0.9515380859375,1.0
primary_52kw,source_test,matched_20min,source_prior_prefix_calibrated_thermal_network,source_thermal_network_plus_hist_gradient_residual,14,9.153064242982095,13.507619404576076,-4.354555161593977,-15.196006074779957,4.393078966453451,-0.4757483445975738,0.855224609375,1.0
primary_52kw,source_test,matched_20min,source_prior_prefix_calibrated_thermal_network,target_only_prefix_positive_thermal_network,14,6.02308711837324,13.507619404576076,-7.484532286202834,-17.670272604554178,0.4790592922559572,-1.2426405494570218,0.153076171875,0.91845703125
