method,node,feature,coefficient
source_positive_thermal_network_raw,temp_winding,coupling_from_temp_stator_core,0.0006963640919763944
source_positive_thermal_network_raw,temp_winding,coupling_from_temp_rotor,0.0006946710931466359
source_positive_thermal_network_raw,temp_winding,coolant_boundary,0.0036146039409455837
source_positive_thermal_network_raw,temp_winding,ambient_boundary,0.000427555301755003
source_positive_thermal_network_raw,temp_winding,current_magnitude_squared,0.2956531112462621
source_positive_thermal_network_raw,temp_winding,current_magnitude_squared_times_speed,0.10021629653132946
source_positive_thermal_network_raw,temp_winding,voltage_times_current_magnitude,1.159775125397639e-13
source_positive_thermal_network_raw,temp_winding,absolute_mechanical_power_proxy,3.984554240417771e-12
source_positive_thermal_network_raw,temp_winding,speed_squared,0.058164054109554775
source_positive_thermal_network_raw,temp_winding,intercept,0.0
source_positive_thermal_network_raw,temp_stator_core,coupling_from_temp_winding,0.006220421478760071
source_positive_thermal_network_raw,temp_stator_core,coupling_from_temp_rotor,0.000420619964746752
source_positive_thermal_network_raw,temp_stator_core,coolant_boundary,0.005905724901366474
source_positive_thermal_network_raw,temp_stator_core,ambient_boundary,0.000730469069994664
source_positive_thermal_network_raw,temp_stator_core,current_magnitude_squared,0.022366624732143337
source_positive_thermal_network_raw,temp_stator_core,current_magnitude_squared_times_speed,1.876333736540152e-17
source_positive_thermal_network_raw,temp_stator_core,voltage_times_current_magnitude,0.0394518396912465
source_positive_thermal_network_raw,temp_stator_core,absolute_mechanical_power_proxy,1.204181486366646e-10
source_positive_thermal_network_raw,temp_stator_core,speed_squared,0.016732568353947368
source_positive_thermal_network_raw,temp_stator_core,intercept,0.0
source_positive_thermal_network_raw,temp_rotor,coupling_from_temp_winding,1.4155724920578835e-13
source_positive_thermal_network_raw,temp_rotor,coupling_from_temp_stator_core,0.0005939365676212263
source_positive_thermal_network_raw,temp_rotor,coolant_boundary,0.00031381939624305216
source_positive_thermal_network_raw,temp_rotor,ambient_boundary,0.00040019391448683215
source_positive_thermal_network_raw,temp_rotor,current_magnitude_squared,0.00244245081396608
source_positive_thermal_network_raw,temp_rotor,current_magnitude_squared_times_speed,0.035418241546631556
source_positive_thermal_network_raw,temp_rotor,voltage_times_current_magnitude,0.0025985156868085493
source_positive_thermal_network_raw,temp_rotor,absolute_mechanical_power_proxy,0.010911741270218187
source_positive_thermal_network_raw,temp_rotor,speed_squared,0.02186936950929268
source_positive_thermal_network_raw,temp_rotor,intercept,0.0
source_positive_thermal_network_normalized,temp_winding,coupling_from_temp_stator_core,8.436792685677328e-21
source_positive_thermal_network_normalized,temp_winding,coupling_from_temp_rotor,2.520437097907548e-23
source_positive_thermal_network_normalized,temp_winding,coolant_boundary,0.0014786420581329974
source_positive_thermal_network_normalized,temp_winding,ambient_boundary,2.3172306422507624e-06
source_positive_thermal_network_normalized,temp_winding,current_magnitude_squared,0.042279160535995265
source_positive_thermal_network_normalized,temp_winding,current_magnitude_squared_times_speed,4.004014126831294e-20
source_positive_thermal_network_normalized,temp_winding,voltage_times_current_magnitude,0.04867953764760563
source_positive_thermal_network_normalized,temp_winding,absolute_mechanical_power_proxy,7.596108496036956e-18
source_positive_thermal_network_normalized,temp_winding,speed_squared,8.615580321804503e-22
source_positive_thermal_network_normalized,temp_winding,intercept,0.0
source_positive_thermal_network_normalized,temp_stator_core,coupling_from_temp_winding,0.007996422372850047
source_positive_thermal_network_normalized,temp_stator_core,coupling_from_temp_rotor,0.0009112816115333303
source_positive_thermal_network_normalized,temp_stator_core,coolant_boundary,0.006619287638089485
source_positive_thermal_network_normalized,temp_stator_core,ambient_boundary,0.0005302333236730778
source_positive_thermal_network_normalized,temp_stator_core,current_magnitude_squared,0.00462238583068519
source_positive_thermal_network_normalized,temp_stator_core,current_magnitude_squared_times_speed,6.691789547997482e-19
source_positive_thermal_network_normalized,temp_stator_core,voltage_times_current_magnitude,0.00783029683261941
source_positive_thermal_network_normalized,temp_stator_core,absolute_mechanical_power_proxy,5.01234422247294e-16
source_positive_thermal_network_normalized,temp_stator_core,speed_squared,3.934358159515682e-14
source_positive_thermal_network_normalized,temp_stator_core,intercept,0.0
source_positive_thermal_network_normalized,temp_rotor,coupling_from_temp_winding,0.0004976934022460283
source_positive_thermal_network_normalized,temp_rotor,coupling_from_temp_stator_core,1.1033019451721114e-17
source_positive_thermal_network_normalized,temp_rotor,coolant_boundary,0.00012271018357257332
source_positive_thermal_network_normalized,temp_rotor,ambient_boundary,0.0001129214857858557
source_positive_thermal_network_normalized,temp_rotor,current_magnitude_squared,0.0016374452454549155
source_positive_thermal_network_normalized,temp_rotor,current_magnitude_squared_times_speed,0.0017498954922923527
source_positive_thermal_network_normalized,temp_rotor,voltage_times_current_magnitude,0.006303120416293323
source_positive_thermal_network_normalized,temp_rotor,absolute_mechanical_power_proxy,0.00880829436177571
source_positive_thermal_network_normalized,temp_rotor,speed_squared,1.2715806779989446e-12
source_positive_thermal_network_normalized,temp_rotor,intercept,0.0
source_ridge_arx,temp_winding,coupling_from_temp_stator_core,-0.015994181779870487
source_ridge_arx,temp_winding,coupling_from_temp_rotor,0.0007060253081750945
source_ridge_arx,temp_winding,coolant_boundary,0.006762266596438484
source_ridge_arx,temp_winding,ambient_boundary,0.0009355184373212806
source_ridge_arx,temp_winding,current_magnitude_squared,0.008328477534871051
source_ridge_arx,temp_winding,current_magnitude_squared_times_speed,0.00558951073499548
source_ridge_arx,temp_winding,voltage_times_current_magnitude,0.007117564988424521
source_ridge_arx,temp_winding,absolute_mechanical_power_proxy,0.000518289391564442
source_ridge_arx,temp_winding,speed_squared,-0.0001220894683719647
source_ridge_arx,temp_winding,intercept,0.0231777826127465
source_ridge_arx,temp_stator_core,coupling_from_temp_winding,0.0071049396957584875
source_ridge_arx,temp_stator_core,coupling_from_temp_rotor,0.000587484774073447
source_ridge_arx,temp_stator_core,coolant_boundary,0.005693472544387925
source_ridge_arx,temp_stator_core,ambient_boundary,0.0006160364181120815
source_ridge_arx,temp_stator_core,current_magnitude_squared,0.0013548926094430213
source_ridge_arx,temp_stator_core,current_magnitude_squared_times_speed,0.0012438183168448987
source_ridge_arx,temp_stator_core,voltage_times_current_magnitude,0.001510400581354064
source_ridge_arx,temp_stator_core,absolute_mechanical_power_proxy,0.00014153173610906004
source_ridge_arx,temp_stator_core,speed_squared,-3.557917362245969e-05
source_ridge_arx,temp_stator_core,intercept,0.008555955578403076
source_ridge_arx,temp_rotor,coupling_from_temp_winding,0.0011954971239555821
source_ridge_arx,temp_rotor,coupling_from_temp_stator_core,-0.0013876003195820797
source_ridge_arx,temp_rotor,coolant_boundary,0.0005628158980859853
source_ridge_arx,temp_rotor,ambient_boundary,0.0002666417933050551
source_ridge_arx,temp_rotor,current_magnitude_squared,0.0005777313337926235
source_ridge_arx,temp_rotor,current_magnitude_squared_times_speed,0.0016124761474041233
source_ridge_arx,temp_rotor,voltage_times_current_magnitude,0.0007828873920567161
source_ridge_arx,temp_rotor,absolute_mechanical_power_proxy,0.00011893907388424267
source_ridge_arx,temp_rotor,speed_squared,1.7655881885737948e-05
source_ridge_arx,temp_rotor,intercept,0.0075138469391144
