support_feature,source_center,source_scale
current_magnitude_median,140.14348727935658,45.79778355018541
current_magnitude_p95,221.54736668737092,78.09157884916813
voltage_magnitude_median,128.2392258907759,4.3335259656202965
voltage_magnitude_p95,130.92116341857326,0.8671327279992898
absolute_speed_median,2525.954686147621,2385.6915759551507
absolute_speed_p95,4749.9632568359375,1461.372729350524
absolute_torque_median,71.38267911889872,47.70977133213484
absolute_torque_p95,133.53719833825306,87.61500758657245
electrical_power_proxy_median,8768.71888189492,7364.2680650167995
electrical_power_proxy_p95,22860.42972016771,8341.93124575487
mechanical_power_proxy_median,13613.875687269276,14173.714500192713
mechanical_power_proxy_p95,36969.75580987707,7713.7132562553
coolant_median,28.47395652381944,14.463169580360146
coolant_p95,28.669121090507396,13.883131267143236
ambient_median,23.852619415265405,2.2598857181868905
ambient_p95,24.44491877245347,1.8765725331836633
