dataset,role,profile_id,support_distance,support_threshold,supported,nearest_source_profile
primary_52kw,train,3,3.0741628230922586,7.826282297944379,True,18
primary_52kw,train,4,4.849255134808655,7.826282297944379,True,50
primary_52kw,train,5,5.693867999453905,7.826282297944379,True,27
primary_52kw,train,8,24.1916226516821,7.826282297944379,False,41
primary_52kw,train,9,3.1176458813162675,7.826282297944379,True,80
primary_52kw,train,15,3.306634577749714,7.826282297944379,True,58
primary_52kw,train,16,5.9185624174306914,7.826282297944379,True,57
primary_52kw,train,17,2.430601156718998,7.826282297944379,True,19
primary_52kw,train,18,3.0741628230922586,7.826282297944379,True,3
primary_52kw,train,19,2.430601156718998,7.826282297944379,True,17
primary_52kw,train,21,0.9143623545213462,7.826282297944379,True,24
primary_52kw,train,24,0.9143623545213462,7.826282297944379,True,21
primary_52kw,train,27,5.693867999453905,7.826282297944379,True,5
primary_52kw,train,29,5.1438823328269425,7.826282297944379,True,30
primary_52kw,train,30,4.727111167273849,7.826282297944379,True,36
primary_52kw,train,36,4.727111167273849,7.826282297944379,True,30
primary_52kw,train,41,23.29562491154395,7.826282297944379,False,19
primary_52kw,train,44,6.766664332771506,7.826282297944379,True,73
primary_52kw,train,46,2.0868197010969234,7.826282297944379,True,61
primary_52kw,train,47,1.553485797870045,7.826282297944379,True,66
primary_52kw,train,48,0.975828358304657,7.826282297944379,True,49
primary_52kw,train,49,0.975828358304657,7.826282297944379,True,48
primary_52kw,train,50,1.165239724656356,7.826282297944379,True,49
primary_52kw,train,51,1.3981781031803977,7.826282297944379,True,60
primary_52kw,train,52,2.479803279555916,7.826282297944379,True,46
primary_52kw,train,57,5.9185624174306914,7.826282297944379,True,16
primary_52kw,train,58,3.306634577749714,7.826282297944379,True,15
primary_52kw,train,60,1.3981781031803977,7.826282297944379,True,51
primary_52kw,train,61,2.0868197010969234,7.826282297944379,True,46
primary_52kw,train,62,1.2744058610207232,7.826282297944379,True,81
primary_52kw,train,64,4.022053856839019,7.826282297944379,True,72
primary_52kw,train,66,1.3999170546225244,7.826282297944379,True,51
primary_52kw,train,67,1.2747381569267555,7.826282297944379,True,76
primary_52kw,train,68,3.6957615989137045,7.826282297944379,True,73
primary_52kw,train,70,3.891392715309392,7.826282297944379,True,68
primary_52kw,train,72,3.2385114525333916,7.826282297944379,True,47
primary_52kw,train,73,3.6957615989137045,7.826282297944379,True,68
primary_52kw,train,74,3.0173596433537053,7.826282297944379,True,66
primary_52kw,train,75,4.559508402886446,7.826282297944379,True,64
primary_52kw,train,76,1.2747381569267555,7.826282297944379,True,67
primary_52kw,train,78,1.9406755398712032,7.826282297944379,True,60
primary_52kw,train,79,7.826282297944379,7.826282297944379,True,73
primary_52kw,train,80,2.285215359883587,7.826282297944379,True,81
primary_52kw,train,81,1.2744058610207232,7.826282297944379,True,62
primary_52kw,validation,10,2.51257277649838,7.826282297944379,True,21
primary_52kw,validation,13,4.944123591696325,7.826282297944379,True,30
primary_52kw,validation,23,2.165496084025083,7.826282297944379,True,15
primary_52kw,validation,31,1.016551729023401,7.826282297944379,True,21
primary_52kw,validation,32,5.253468391476527,7.826282297944379,True,17
primary_52kw,validation,42,3.959115618457727,7.826282297944379,True,8
primary_52kw,validation,53,2.596112188671314,7.826282297944379,True,76
primary_52kw,validation,54,1.3100936454830516,7.826282297944379,True,76
primary_52kw,validation,55,1.673891810633472,7.826282297944379,True,81
primary_52kw,validation,63,0.32326868528953007,7.826282297944379,True,64
primary_52kw,validation,69,1.8324575590319439,7.826282297944379,True,68
primary_52kw,source_test,2,2.617011385609831,7.826282297944379,True,36
primary_52kw,source_test,6,1.8366028320487569,7.826282297944379,True,17
primary_52kw,source_test,7,17.408233385220434,7.826282297944379,False,29
primary_52kw,source_test,11,1.6718138229989914,7.826282297944379,True,62
primary_52kw,source_test,12,11.777024250698348,7.826282297944379,False,19
primary_52kw,source_test,14,1.9868527856804485,7.826282297944379,True,9
primary_52kw,source_test,20,1.883166985943894,7.826282297944379,True,9
primary_52kw,source_test,26,2.253746485743303,7.826282297944379,True,21
primary_52kw,source_test,43,4.116721961731417,7.826282297944379,True,64
primary_52kw,source_test,45,4.518574534775298,7.826282297944379,True,44
primary_52kw,source_test,56,4.4913374578876235,7.826282297944379,True,48
primary_52kw,source_test,59,2.887337511810464,7.826282297944379,True,74
primary_52kw,source_test,65,1.2973954002211403,7.826282297944379,True,67
primary_52kw,source_test,71,4.573296684406977,7.826282297944379,True,64
external_ipmsm,external_test,0,7.098863817979119,7.826282297944379,True,18
external_ipmsm,external_test,1,5.544150927532522,7.826282297944379,True,30
external_ipmsm,external_test,2,5.675509445622146,7.826282297944379,True,30
external_ipmsm,external_test,3,14.581262926280456,7.826282297944379,False,5
external_ipmsm,external_test,4,16.9386662230673,7.826282297944379,False,80
external_ipmsm,external_test,5,15.943346240396863,7.826282297944379,False,16
external_ipmsm,external_test,6,14.330393095049043,7.826282297944379,False,8
external_ipmsm,external_test,7,6.853464286305145,7.826282297944379,True,3
external_ipmsm,external_test,8,7.669601550854837,7.826282297944379,True,5
external_ipmsm,external_test,9,11.61873294599642,7.826282297944379,False,44
external_ipmsm,external_test,10,8.015525328641967,7.826282297944379,False,19
external_ipmsm,external_test,11,11.576980528964047,7.826282297944379,False,72
external_ipmsm,external_test,12,9.732508987364596,7.826282297944379,False,70
external_ipmsm,external_test,13,6.708875562932835,7.826282297944379,True,57
external_ipmsm,external_test,14,10.158174740031154,7.826282297944379,False,3
external_ipmsm,external_test,15,11.793727400625285,7.826282297944379,False,68
