dataset,role,method,horizon,covered,profiles,empirical_coverage,wilson_low,wilson_high
external_ipmsm,external_test,boundary_shift_persistence,matched_20min,16,16,1.0,0.8063923194655637,1.0000000000000002
external_ipmsm,external_test,initial_state_persistence,matched_20min,16,16,1.0,0.8063923194655637,1.0000000000000002
external_ipmsm,external_test,source_positive_thermal_network_normalized,matched_20min,13,16,0.8125,0.5699111903802586,0.9340840092857187
external_ipmsm,external_test,source_positive_thermal_network_raw,matched_20min,1,16,0.0625,0.01111934476464252,0.28328737570298945
external_ipmsm,external_test,source_prior_prefix_calibrated_thermal_network,matched_20min,15,16,0.9375,0.7167126242970107,0.9888806552353576
external_ipmsm,external_test,source_ridge_arx,matched_20min,11,16,0.6875,0.44404355834740666,0.8583535614521796
external_ipmsm,external_test,source_thermal_network_plus_hist_gradient_residual,matched_20min,13,16,0.8125,0.5699111903802586,0.9340840092857187
external_ipmsm,external_test,target_only_prefix_positive_thermal_network,matched_20min,15,16,0.9375,0.7167126242970107,0.9888806552353576
primary_52kw,source_test,boundary_shift_persistence,long_55min,13,14,0.9285714285714286,0.6853129557584889,0.9872777847521093
primary_52kw,source_test,boundary_shift_persistence,matched_20min,13,14,0.9285714285714286,0.6853129557584889,0.9872777847521093
primary_52kw,source_test,initial_state_persistence,long_55min,13,14,0.9285714285714286,0.6853129557584889,0.9872777847521093
primary_52kw,source_test,initial_state_persistence,matched_20min,13,14,0.9285714285714286,0.6853129557584889,0.9872777847521093
primary_52kw,source_test,source_positive_thermal_network_normalized,long_55min,14,14,1.0,0.7846891972623643,1.0
primary_52kw,source_test,source_positive_thermal_network_normalized,matched_20min,14,14,1.0,0.7846891972623643,1.0
primary_52kw,source_test,source_positive_thermal_network_raw,long_55min,11,14,0.7857142857142857,0.524107694133997,0.9242861328730683
primary_52kw,source_test,source_positive_thermal_network_raw,matched_20min,9,14,0.6428571428571429,0.38764423103907397,0.8365526824644587
primary_52kw,source_test,source_prior_prefix_calibrated_thermal_network,long_55min,13,14,0.9285714285714286,0.6853129557584889,0.9872777847521093
primary_52kw,source_test,source_prior_prefix_calibrated_thermal_network,matched_20min,13,14,0.9285714285714286,0.6853129557584889,0.9872777847521093
primary_52kw,source_test,source_ridge_arx,long_55min,14,14,1.0,0.7846891972623643,1.0
primary_52kw,source_test,source_ridge_arx,matched_20min,11,14,0.7857142857142857,0.524107694133997,0.9242861328730683
primary_52kw,source_test,source_thermal_network_plus_hist_gradient_residual,long_55min,14,14,1.0,0.7846891972623643,1.0
primary_52kw,source_test,source_thermal_network_plus_hist_gradient_residual,matched_20min,14,14,1.0,0.7846891972623643,1.0
primary_52kw,source_test,target_only_prefix_positive_thermal_network,long_55min,13,14,0.9285714285714286,0.6853129557584889,0.9872777847521093
primary_52kw,source_test,target_only_prefix_positive_thermal_network,matched_20min,14,14,1.0,0.7846891972623643,1.0
