dataset,role,method,horizon,node,covered,profiles,empirical_coverage,half_width_c,wilson_low,wilson_high
external_ipmsm,external_test,boundary_shift_persistence,matched_20min,temp_rotor,16,16,1.0,43.09916067123413,0.8063923194655637,1.0000000000000002
external_ipmsm,external_test,boundary_shift_persistence,matched_20min,temp_stator_core,16,16,1.0,41.81879949569702,0.8063923194655637,1.0000000000000002
external_ipmsm,external_test,boundary_shift_persistence,matched_20min,temp_winding,16,16,1.0,83.22904014587402,0.8063923194655637,1.0000000000000002
external_ipmsm,external_test,initial_state_persistence,matched_20min,temp_rotor,16,16,1.0,44.5918083190918,0.8063923194655637,1.0000000000000002
external_ipmsm,external_test,initial_state_persistence,matched_20min,temp_stator_core,16,16,1.0,43.12060832977295,0.8063923194655637,1.0000000000000002
external_ipmsm,external_test,initial_state_persistence,matched_20min,temp_winding,16,16,1.0,84.5393295288086,0.8063923194655637,1.0000000000000002
external_ipmsm,external_test,source_positive_thermal_network_normalized,matched_20min,temp_rotor,13,16,0.8125,26.741334745280255,0.5699111903802586,0.9340840092857187
external_ipmsm,external_test,source_positive_thermal_network_normalized,matched_20min,temp_stator_core,13,16,0.8125,46.703099435902075,0.5699111903802586,0.9340840092857187
external_ipmsm,external_test,source_positive_thermal_network_normalized,matched_20min,temp_winding,13,16,0.8125,91.6367414043593,0.5699111903802586,0.9340840092857187
external_ipmsm,external_test,source_positive_thermal_network_raw,matched_20min,temp_rotor,2,16,0.125,3.8103349184627646,0.03497748774324047,0.36022827265758695
external_ipmsm,external_test,source_positive_thermal_network_raw,matched_20min,temp_stator_core,1,16,0.0625,4.317487049649287,0.01111934476464252,0.28328737570298945
external_ipmsm,external_test,source_positive_thermal_network_raw,matched_20min,temp_winding,1,16,0.0625,8.058477992829793,0.01111934476464252,0.28328737570298945
external_ipmsm,external_test,source_prior_prefix_calibrated_thermal_network,matched_20min,temp_rotor,15,16,0.9375,72.05810209289089,0.7167126242970107,0.9888806552353576
external_ipmsm,external_test,source_prior_prefix_calibrated_thermal_network,matched_20min,temp_stator_core,15,16,0.9375,87.26464177119581,0.7167126242970107,0.9888806552353576
external_ipmsm,external_test,source_prior_prefix_calibrated_thermal_network,matched_20min,temp_winding,15,16,0.9375,158.88348129701578,0.7167126242970107,0.9888806552353576
external_ipmsm,external_test,source_ridge_arx,matched_20min,temp_rotor,13,16,0.8125,20.195055477343217,0.5699111903802586,0.9340840092857187
external_ipmsm,external_test,source_ridge_arx,matched_20min,temp_stator_core,11,16,0.6875,20.165374811697745,0.44404355834740666,0.8583535614521796
external_ipmsm,external_test,source_ridge_arx,matched_20min,temp_winding,11,16,0.6875,44.40516317193192,0.44404355834740666,0.8583535614521796
external_ipmsm,external_test,source_thermal_network_plus_hist_gradient_residual,matched_20min,temp_rotor,13,16,0.8125,38.45485090596043,0.5699111903802586,0.9340840092857187
external_ipmsm,external_test,source_thermal_network_plus_hist_gradient_residual,matched_20min,temp_stator_core,14,16,0.875,51.64725876607824,0.639771727342413,0.9650225122567595
external_ipmsm,external_test,source_thermal_network_plus_hist_gradient_residual,matched_20min,temp_winding,14,16,0.875,100.59973429916747,0.639771727342413,0.9650225122567595
external_ipmsm,external_test,target_only_prefix_positive_thermal_network,matched_20min,temp_rotor,16,16,1.0,66.9920696371392,0.8063923194655637,1.0000000000000002
external_ipmsm,external_test,target_only_prefix_positive_thermal_network,matched_20min,temp_stator_core,15,16,0.9375,37.807280442993864,0.7167126242970107,0.9888806552353576
external_ipmsm,external_test,target_only_prefix_positive_thermal_network,matched_20min,temp_winding,16,16,1.0,77.82053604032467,0.8063923194655637,1.0000000000000002
primary_52kw,source_test,boundary_shift_persistence,long_55min,temp_rotor,13,14,0.9285714285714286,58.651503562927246,0.6853129557584889,0.9872777847521093
primary_52kw,source_test,boundary_shift_persistence,long_55min,temp_stator_core,14,14,1.0,41.81879949569702,0.7846891972623643,1.0
primary_52kw,source_test,boundary_shift_persistence,long_55min,temp_winding,14,14,1.0,83.22904014587402,0.7846891972623643,1.0
primary_52kw,source_test,boundary_shift_persistence,matched_20min,temp_rotor,13,14,0.9285714285714286,43.09916067123413,0.6853129557584889,0.9872777847521093
primary_52kw,source_test,boundary_shift_persistence,matched_20min,temp_stator_core,14,14,1.0,41.81879949569702,0.7846891972623643,1.0
primary_52kw,source_test,boundary_shift_persistence,matched_20min,temp_winding,14,14,1.0,83.22904014587402,0.7846891972623643,1.0
primary_52kw,source_test,initial_state_persistence,long_55min,temp_rotor,14,14,1.0,60.4376106262207,0.7846891972623643,1.0
primary_52kw,source_test,initial_state_persistence,long_55min,temp_stator_core,13,14,0.9285714285714286,54.20914964644625,0.6853129557584889,0.9872777847521093
primary_52kw,source_test,initial_state_persistence,long_55min,temp_winding,14,14,1.0,84.5393295288086,0.7846891972623643,1.0
primary_52kw,source_test,initial_state_persistence,matched_20min,temp_rotor,13,14,0.9285714285714286,44.5918083190918,0.6853129557584889,0.9872777847521093
primary_52kw,source_test,initial_state_persistence,matched_20min,temp_stator_core,14,14,1.0,43.12060832977295,0.7846891972623643,1.0
primary_52kw,source_test,initial_state_persistence,matched_20min,temp_winding,14,14,1.0,84.5393295288086,0.7846891972623643,1.0
primary_52kw,source_test,source_positive_thermal_network_normalized,long_55min,temp_rotor,14,14,1.0,82.26708390748487,0.7846891972623643,1.0
primary_52kw,source_test,source_positive_thermal_network_normalized,long_55min,temp_stator_core,14,14,1.0,54.97217087610552,0.7846891972623643,1.0
primary_52kw,source_test,source_positive_thermal_network_normalized,long_55min,temp_winding,14,14,1.0,101.29640119762121,0.7846891972623643,1.0
primary_52kw,source_test,source_positive_thermal_network_normalized,matched_20min,temp_rotor,14,14,1.0,26.741334745280255,0.7846891972623643,1.0
primary_52kw,source_test,source_positive_thermal_network_normalized,matched_20min,temp_stator_core,14,14,1.0,46.703099435902075,0.7846891972623643,1.0
primary_52kw,source_test,source_positive_thermal_network_normalized,matched_20min,temp_winding,14,14,1.0,91.6367414043593,0.7846891972623643,1.0
primary_52kw,source_test,source_positive_thermal_network_raw,long_55min,temp_rotor,14,14,1.0,11.446914133615152,0.7846891972623643,1.0
primary_52kw,source_test,source_positive_thermal_network_raw,long_55min,temp_stator_core,12,14,0.8571428571428571,4.317487049649287,0.6005862050302965,0.9599060787285351
primary_52kw,source_test,source_positive_thermal_network_raw,long_55min,temp_winding,13,14,0.9285714285714286,8.058477992829793,0.6853129557584889,0.9872777847521093
primary_52kw,source_test,source_positive_thermal_network_raw,matched_20min,temp_rotor,10,14,0.7142857142857143,3.8103349184627646,0.4535091567010681,0.8827862135542308
primary_52kw,source_test,source_positive_thermal_network_raw,matched_20min,temp_stator_core,13,14,0.9285714285714286,4.317487049649287,0.6853129557584889,0.9872777847521093
primary_52kw,source_test,source_positive_thermal_network_raw,matched_20min,temp_winding,13,14,0.9285714285714286,8.058477992829793,0.6853129557584889,0.9872777847521093
primary_52kw,source_test,source_prior_prefix_calibrated_thermal_network,long_55min,temp_rotor,13,14,0.9285714285714286,173.51017507687476,0.6853129557584889,0.9872777847521093
primary_52kw,source_test,source_prior_prefix_calibrated_thermal_network,long_55min,temp_stator_core,14,14,1.0,116.58849929725883,0.7846891972623643,1.0
primary_52kw,source_test,source_prior_prefix_calibrated_thermal_network,long_55min,temp_winding,13,14,0.9285714285714286,204.7751659079178,0.6853129557584889,0.9872777847521093
primary_52kw,source_test,source_prior_prefix_calibrated_thermal_network,matched_20min,temp_rotor,13,14,0.9285714285714286,72.05810209289089,0.6853129557584889,0.9872777847521093
primary_52kw,source_test,source_prior_prefix_calibrated_thermal_network,matched_20min,temp_stator_core,14,14,1.0,87.26464177119581,0.7846891972623643,1.0
primary_52kw,source_test,source_prior_prefix_calibrated_thermal_network,matched_20min,temp_winding,14,14,1.0,158.88348129701578,0.7846891972623643,1.0
primary_52kw,source_test,source_ridge_arx,long_55min,temp_rotor,14,14,1.0,61.84799336357375,0.7846891972623643,1.0
primary_52kw,source_test,source_ridge_arx,long_55min,temp_stator_core,14,14,1.0,53.478514352305695,0.7846891972623643,1.0
primary_52kw,source_test,source_ridge_arx,long_55min,temp_winding,14,14,1.0,100.60851049874432,0.7846891972623643,1.0
primary_52kw,source_test,source_ridge_arx,matched_20min,temp_rotor,13,14,0.9285714285714286,20.195055477343217,0.6853129557584889,0.9872777847521093
primary_52kw,source_test,source_ridge_arx,matched_20min,temp_stator_core,12,14,0.8571428571428571,20.165374811697745,0.6005862050302965,0.9599060787285351
primary_52kw,source_test,source_ridge_arx,matched_20min,temp_winding,12,14,0.8571428571428571,44.40516317193192,0.6005862050302965,0.9599060787285351
primary_52kw,source_test,source_thermal_network_plus_hist_gradient_residual,long_55min,temp_rotor,14,14,1.0,76.0350692569643,0.7846891972623643,1.0
primary_52kw,source_test,source_thermal_network_plus_hist_gradient_residual,long_55min,temp_stator_core,14,14,1.0,53.35280711300672,0.7846891972623643,1.0
primary_52kw,source_test,source_thermal_network_plus_hist_gradient_residual,long_55min,temp_winding,14,14,1.0,101.24019123659465,0.7846891972623643,1.0
primary_52kw,source_test,source_thermal_network_plus_hist_gradient_residual,matched_20min,temp_rotor,14,14,1.0,38.45485090596043,0.7846891972623643,1.0
primary_52kw,source_test,source_thermal_network_plus_hist_gradient_residual,matched_20min,temp_stator_core,14,14,1.0,51.64725876607824,0.7846891972623643,1.0
primary_52kw,source_test,source_thermal_network_plus_hist_gradient_residual,matched_20min,temp_winding,14,14,1.0,100.59973429916747,0.7846891972623643,1.0
primary_52kw,source_test,target_only_prefix_positive_thermal_network,long_55min,temp_rotor,14,14,1.0,138.2980749333059,0.7846891972623643,1.0
primary_52kw,source_test,target_only_prefix_positive_thermal_network,long_55min,temp_stator_core,13,14,0.9285714285714286,42.145532071682865,0.6853129557584889,0.9872777847521093
primary_52kw,source_test,target_only_prefix_positive_thermal_network,long_55min,temp_winding,14,14,1.0,77.82053604032467,0.7846891972623643,1.0
primary_52kw,source_test,target_only_prefix_positive_thermal_network,matched_20min,temp_rotor,14,14,1.0,66.9920696371392,0.7846891972623643,1.0
primary_52kw,source_test,target_only_prefix_positive_thermal_network,matched_20min,temp_stator_core,14,14,1.0,37.807280442993864,0.7846891972623643,1.0
primary_52kw,source_test,target_only_prefix_positive_thermal_network,matched_20min,temp_winding,14,14,1.0,77.82053604032467,0.7846891972623643,1.0
