method,horizon,node,coverage_target,n_calibration_profiles,rank,half_width_c
boundary_shift_persistence,long_55min,temp_rotor,0.9,11,11,58.651503562927246
boundary_shift_persistence,long_55min,temp_stator_core,0.9,11,11,41.81879949569702
boundary_shift_persistence,long_55min,temp_winding,0.9,11,11,83.22904014587402
boundary_shift_persistence,matched_20min,temp_rotor,0.9,11,11,43.09916067123413
boundary_shift_persistence,matched_20min,temp_stator_core,0.9,11,11,41.81879949569702
boundary_shift_persistence,matched_20min,temp_winding,0.9,11,11,83.22904014587402
initial_state_persistence,long_55min,temp_rotor,0.9,11,11,60.4376106262207
initial_state_persistence,long_55min,temp_stator_core,0.9,11,11,54.20914964644625
initial_state_persistence,long_55min,temp_winding,0.9,11,11,84.5393295288086
initial_state_persistence,matched_20min,temp_rotor,0.9,11,11,44.5918083190918
initial_state_persistence,matched_20min,temp_stator_core,0.9,11,11,43.12060832977295
initial_state_persistence,matched_20min,temp_winding,0.9,11,11,84.5393295288086
source_positive_thermal_network_normalized,long_55min,temp_rotor,0.9,11,11,82.26708390748487
source_positive_thermal_network_normalized,long_55min,temp_stator_core,0.9,11,11,54.97217087610552
source_positive_thermal_network_normalized,long_55min,temp_winding,0.9,11,11,101.29640119762121
source_positive_thermal_network_normalized,matched_20min,temp_rotor,0.9,11,11,26.741334745280255
source_positive_thermal_network_normalized,matched_20min,temp_stator_core,0.9,11,11,46.703099435902075
source_positive_thermal_network_normalized,matched_20min,temp_winding,0.9,11,11,91.6367414043593
source_positive_thermal_network_raw,long_55min,temp_rotor,0.9,11,11,11.446914133615152
source_positive_thermal_network_raw,long_55min,temp_stator_core,0.9,11,11,4.317487049649287
source_positive_thermal_network_raw,long_55min,temp_winding,0.9,11,11,8.058477992829793
source_positive_thermal_network_raw,matched_20min,temp_rotor,0.9,11,11,3.8103349184627646
source_positive_thermal_network_raw,matched_20min,temp_stator_core,0.9,11,11,4.317487049649287
source_positive_thermal_network_raw,matched_20min,temp_winding,0.9,11,11,8.058477992829793
source_prior_prefix_calibrated_thermal_network,long_55min,temp_rotor,0.9,11,11,173.51017507687476
source_prior_prefix_calibrated_thermal_network,long_55min,temp_stator_core,0.9,11,11,116.58849929725883
source_prior_prefix_calibrated_thermal_network,long_55min,temp_winding,0.9,11,11,204.7751659079178
source_prior_prefix_calibrated_thermal_network,matched_20min,temp_rotor,0.9,11,11,72.05810209289089
source_prior_prefix_calibrated_thermal_network,matched_20min,temp_stator_core,0.9,11,11,87.26464177119581
source_prior_prefix_calibrated_thermal_network,matched_20min,temp_winding,0.9,11,11,158.88348129701578
source_ridge_arx,long_55min,temp_rotor,0.9,11,11,61.84799336357375
source_ridge_arx,long_55min,temp_stator_core,0.9,11,11,53.478514352305695
source_ridge_arx,long_55min,temp_winding,0.9,11,11,100.60851049874432
source_ridge_arx,matched_20min,temp_rotor,0.9,11,11,20.195055477343217
source_ridge_arx,matched_20min,temp_stator_core,0.9,11,11,20.165374811697745
source_ridge_arx,matched_20min,temp_winding,0.9,11,11,44.40516317193192
source_thermal_network_plus_hist_gradient_residual,long_55min,temp_rotor,0.9,11,11,76.0350692569643
source_thermal_network_plus_hist_gradient_residual,long_55min,temp_stator_core,0.9,11,11,53.35280711300672
source_thermal_network_plus_hist_gradient_residual,long_55min,temp_winding,0.9,11,11,101.24019123659465
source_thermal_network_plus_hist_gradient_residual,matched_20min,temp_rotor,0.9,11,11,38.45485090596043
source_thermal_network_plus_hist_gradient_residual,matched_20min,temp_stator_core,0.9,11,11,51.64725876607824
source_thermal_network_plus_hist_gradient_residual,matched_20min,temp_winding,0.9,11,11,100.59973429916747
target_only_prefix_positive_thermal_network,long_55min,temp_rotor,0.9,11,11,138.2980749333059
target_only_prefix_positive_thermal_network,long_55min,temp_stator_core,0.9,11,11,42.145532071682865
target_only_prefix_positive_thermal_network,long_55min,temp_winding,0.9,11,11,77.82053604032467
target_only_prefix_positive_thermal_network,matched_20min,temp_rotor,0.9,11,11,66.9920696371392
target_only_prefix_positive_thermal_network,matched_20min,temp_stator_core,0.9,11,11,37.807280442993864
target_only_prefix_positive_thermal_network,matched_20min,temp_winding,0.9,11,11,77.82053604032467
